{"gb4.jpeg2724": {"filename": "gb4.jpeg", "size": 2724, "regions": [{"shape_attributes": {"name": "polyline", "all_points_x": [104, 121, 123, 133, 141, 141, 141, 139, 125, 83, 84, 89, 97, 103, 103, 104], "all_points_y": [1, 2, 58, 77, 122, 149, 184, 220, 223, 222, 110, 86, 68, 52, 27, 1]}, "region_attributes": {}}], "file_attributes": {}}, "gb8.jpeg6203": {"filename": "gb8.jpeg", "size": 6203, "regions": [{"shape_attributes": {"name": "polyline", "all_points_x": [88, 135, 141, 142, 140, 128, 122, 122, 106, 103, 99, 101, 92, 88, 84, 88], "all_points_y": [206, 210, 196, 162, 100, 64, 38, 15, 16, 19, 20, 63, 82, 96, 102, 206]}, "region_attributes": {}}], "file_attributes": {}}, "gb9.jpeg2494": {"filename": "gb9.jpeg", "size": 2494, "regions": [{"shape_attributes": {"name": "polyline", "all_points_x": [81, 140, 147, 143, 143, 131, 125, 124, 105, 102, 103, 88, 84, 84, 88], "all_points_y": [218, 221, 189, 130, 82, 63, 55, 3, 4, 27, 55, 77, 95, 218, 216]}, "region_attributes": {}}], "file_attributes": {}}, "gb12.jpeg4898": {"filename": "gb12.jpeg", "size": 4898, "regions": [{"shape_attributes": {"name": "polyline", "all_points_x": [87, 83, 86, 89, 87, 86, 86, 89, 99, 101, 101, 122, 122, 133, 137, 141, 139, 137, 137, 137, 139, 88], "all_points_y": [221, 212, 194, 187, 155, 133, 104, 77, 48, 17, 5, 3, 26, 64, 92, 117, 132, 162, 177, 192, 221, 224]}, "region_attributes": {}}], "file_attributes": {}}, "gb13.jpeg6521": {"filename": "gb13.jpeg", "size": 6521, "regions": [{"shape_attributes": {"name": "polyline", "all_points_x": [80, 97, 121, 128, 131, 131, 132, 129, 123, 117, 116, 115, 100, 98, 98, 85, 83, 80], "all_points_y": [211, 213, 213, 212, 189, 156, 128, 103, 86, 65, 33, 19, 15, 35, 59, 88, 109, 205]}, "region_attributes": {}}], "file_attributes": {}}, "gb14.jpeg5446": {"filename": "gb14.jpeg", "size": 5446, "regions": [{"shape_attributes": {"name": "polyline", "all_points_x": [49, 49, 50, 54, 59, 57, 69, 69, 69, 79, 80, 81, 75, 61, 50, 49], "all_points_y": [175, 121, 95, 73, 55, 8, 8, 29, 63, 105, 139, 171, 178, 179, 176, 175]}, "region_attributes": {}}, {"shape_attributes": {"name": "polyline", "all_points_x": [198, 201, 190, 190, 178, 176, 161, 163, 170, 183, 197, 198, 198], "all_points_y": [159, 103, 70, 34, 33, 67, 103, 173, 179, 181, 172, 158, 159]}, "region_attributes": {}}, {"shape_attributes": {"name": "polyline", "all_points_x": [128, 119, 102, 84, 86, 70, 81, 90, 99, 110, 121, 144, 153, 162, 130, 128], "all_points_y": [177, 153, 130, 87, 67, 36, 32, 50, 65, 68, 82, 123, 146, 161, 178, 175]}, "region_attributes": {}}, {"shape_attributes": {"name": "polyline", "all_points_x": [128, 144, 144, 145, 152, 155, 124, 128, 130], "all_points_y": [33, 32, 61, 73, 98, 141, 85, 74, 35]}, "region_attributes": {}}], "file_attributes": {}}, "gb17.jpeg6847": {"filename": "gb17.jpeg", "size": 6847, "regions": [{"shape_attributes": {"name": "polyline", "all_points_x": [54, 60, 68, 56, 49, 50, 58, 66, 76, 76, 107, 110, 110, 118, 134, 137, 134, 125, 122, 122, 128, 123, 96, 77, 55], "all_points_y": [259, 240, 232, 189, 159, 127, 98, 80, 53, 15, 14, 25, 47, 86, 125, 147, 169, 213, 228, 243, 254, 267, 270, 270, 262]}, "region_attributes": {}}], "file_attributes": {}}, "gb18.jpeg6109": {"filename": "gb18.jpeg", "size": 6109, "regions": [{"shape_attributes": {"name": "polyline", "all_points_x": [83, 100, 117, 126, 132, 133, 129, 123, 123, 100, 100, 95, 85, 83, 83, 83], "all_points_y": [204, 214, 214, 205, 166, 128, 109, 77, 30, 29, 46, 91, 120, 153, 202, 205]}, "region_attributes": {}}], "file_attributes": {}}, "gb21.jpeg8439": {"filename": "gb21.jpeg", "size": 8439, "regions": [{"shape_attributes": {"name": "polyline", "all_points_x": [81, 80, 82, 89, 100, 103, 97, 97, 100, 98, 99, 106, 110, 112, 114, 111, 99, 82], "all_points_y": [156, 113, 75, 26, 23, 43, 60, 67, 67, 75, 82, 81, 86, 88, 154, 159, 163, 159]}, "region_attributes": {}}], "file_attributes": {}}, "2.jpg90173": {"filename": "2.jpg", "size": 90173, "regions": [{"shape_attributes": {"name": "polyline", "all_points_x": [122, 234, 241, 241, 230, 269, 275, 270, 263, 235, 191, 142, 90, 66, 70, 109, 105, 118, 122], "all_points_y": [59, 62, 71, 140, 152, 188, 222, 756, 763, 770, 771, 770, 766, 761, 194, 151, 68, 59, 59]}, "region_attributes": {}}, {"shape_attributes": {"name": "polyline", "all_points_x": [335, 465, 471, 462, 506, 514, 493, 324, 308, 299, 342, 335, 332, 352], "all_points_y": [62, 57, 132, 139, 198, 755, 769, 772, 759, 187, 140, 134, 63, 61]}, "region_attributes": {}}, {"shape_attributes": {"name": "polyline", "all_points_x": [576, 611, 656, 708, 709, 711, 699, 726, 744, 742, 738, 707, 554, 537, 539, 577, 585, 575, 574, 590], "all_points_y": [67, 59, 57, 64, 131, 137, 145, 171, 215, 753, 765, 775, 773, 763, 200, 147, 138, 135, 66, 65]}, "region_attributes": {}}, {"shape_attributes": {"name": "polyline", "all_points_x": [812, 866, 918, 940, 942, 940, 932, 966, 976, 974, 952, 791, 767, 771, 785, 806, 816, 810, 806, 806, 825], "all_points_y": [66, 61, 62, 70, 129, 142, 145, 181, 214, 761, 776, 772, 763, 209, 180, 155, 149, 138, 134, 69, 62]}, "region_attributes": {}}, {"shape_attributes": {"name": "polyline", "all_points_x": [1046, 1087, 1140, 1177, 1181, 1181, 1180, 1172, 1187, 1211, 1216, 1214, 1205, 1085, 1025, 1009, 1011, 1022, 1043, 1056, 1046, 1046], "all_points_y": [72, 63, 62, 69, 73, 134, 142, 145, 161, 190, 223, 761, 774, 777, 772, 764, 202, 178, 158, 149, 141, 72]}, "region_attributes": {}}, {"shape_attributes": {"name": "polyline", "all_points_x": [1278, 1272, 1300, 1332, 1361, 1390, 1413, 1411, 1412, 1404, 1426, 1444, 1445, 1430, 1259, 1240, 1239, 1281, 1276, 1272, 1273], "all_points_y": [78, 79, 67, 66, 64, 65, 74, 133, 146, 150, 165, 200, 765, 777, 775, 765, 211, 154, 145, 81, 79]}, "region_attributes": {}}], "file_attributes": {}}, "3.jpg2921": {"filename": "3.jpg", "size": 2921, "regions": [{"shape_attributes": {"name": "polyline", "all_points_x": [82, 88, 109, 127, 143, 144, 133, 126, 120, 123, 122, 102, 101, 84, 80], "all_points_y": [215, 220, 224, 223, 218, 78, 64, 57, 11, 5, -1, 0, 49, 79, 212]}, "region_attributes": {}}], "file_attributes": {}}, "7.jpg10627": {"filename": "7.jpg", "size": 10627, "regions": [{"shape_attributes": {"name": "polyline", "all_points_x": [21, 20, 30, 33, 31, 46, 52, 56, 52, 53], "all_points_y": [168, 77, 50, 9, 4, 1, 4, 8, 9, 14]}, "region_attributes": {}}, {"shape_attributes": {"name": "polyline", "all_points_x": [53, 55, 65, 64, 62, 52, 41, 31, 24, 20], "all_points_y": [10, 61, 78, 168, 171, 172, 172, 171, 171, 169]}, "region_attributes": {}}, {"shape_attributes": {"name": "polyline", "all_points_x": [128, 126, 123, 122, 122, 123, 124, 124, 124, 122, 122, 122, 126, 137, 150, 162, 166, 168, 168, 165, 165, 165, 167, 167, 165, 160, 158, 153, 153, 152, 153, 142, 133, 133, 135, 131, 128, 128], "all_points_y": [66, 69, 72, 78, 90, 107, 122, 132, 141, 148, 155, 164, 169, 171, 171, 170, 166, 157, 145, 136, 122, 102, 84, 72, 70, 66, 54, 32, 19, 6, 4, 4, 4, 8, 14, 30, 50, 65]}, "region_attributes": {}}, {"shape_attributes": {"name": "polyline", "all_points_x": [185, 191, 193, 199, 205, 207, 205, 204, 204, 206, 207, 207, 208, 211, 214, 217, 216, 216, 216, 217, 217, 217, 216, 209, 196, 181, 174, 173, 172, 173, 176, 180, 182, 182, 184, 184, 186, 186], "all_points_y": [8, 5, 6, 6, 7, 9, 14, 18, 25, 33, 44, 53, 64, 71, 75, 83, 95, 109, 119, 133, 154, 162, 169, 171, 172, 171, 169, 158, 145, 84, 78, 72, 66, 55, 40, 27, 13, 8]}, "region_attributes": {}}, {"shape_attributes": {"name": "polyline", "all_points_x": [225, 225, 226, 225, 226, 225, 225, 227, 231, 233, 237, 238, 237, 246, 257, 256, 257, 259, 264, 268, 268, 266, 269, 267, 267, 264, 243, 232, 227], "all_points_y": [165, 158, 148, 133, 114, 95, 84, 73, 64, 53, 33, 19, 13, 10, 11, 25, 44, 56, 70, 77, 96, 124, 140, 156, 166, 171, 170, 170, 168]}, "region_attributes": {}}], "file_attributes": {}}, "10.jpg45204": {"filename": "10.jpg", "size": 45204, "regions": [{"shape_attributes": {"name": "polyline", "all_points_x": [84, 96, 109, 117, 125, 127, 127, 125, 122, 127, 133, 141, 145, 146, 149, 153, 161, 155, 135, 99, 92, 86, 76, 81, 90, 87, 87, 84, 84, 89], "all_points_y": [24, 20, 17, 17, 18, 26, 33, 43, 44, 74, 89, 101, 114, 133, 162, 194, 317, 320, 322, 324, 322, 266, 114, 98, 82, 50, 42, 42, 23, 23]}, "region_attributes": {}}, {"shape_attributes": {"name": "polyline", "all_points_x": [1, 56, 61, 45, 39, 30, 27, 21, 22, 29, 26, 1, 1], "all_points_y": [308, 303, 299, 107, 91, 83, 65, 44, 39, 38, 19, 19, 19]}, "region_attributes": {}}, {"shape_attributes": {"name": "polyline", "all_points_x": [63, 87, 61, 45, 40, 31, 41, 45, 44, 40, 41, 71, 75, 78, 76, 74, 77, 86, 87, 76, 86], "all_points_y": [276, 274, 276, 101, 91, 82, 71, 43, 32, 30, 14, 12, 13, 15, 29, 36, 69, 82, 86, 113, 273]}, "region_attributes": {}}, {"shape_attributes": {"name": "polyline", "all_points_x": [142, 177, 179, 179, 174, 179, 183, 171, 158, 144, 138, 133, 139, 141, 143, 144, 138, 142], "all_points_y": [14, 14, 15, 34, 37, 69, 78, 96, 257, 104, 95, 89, 72, 62, 40, 29, 29, 14]}, "region_attributes": {}}, {"shape_attributes": {"name": "polyline", "all_points_x": [232, 268, 269, 266, 267, 272, 277, 279, 254, 231, 226, 234, 227, 232, 234, 229, 231, 231], "all_points_y": [18, 16, 33, 40, 61, 80, 87, 90, 291, 292, 276, 107, 90, 79, 41, 37, 22, 19]}, "region_attributes": {}}, {"shape_attributes": {"name": "polyline", "all_points_x": [254, 263, 324, 329, 329, 298, 295, 297, 293, 279], "all_points_y": [299, 311, 312, 261, 17, 16, 34, 40, 70, 88]}, "region_attributes": {}}], "file_attributes": {}}, "17.jpg8322": {"filename": "17.jpg", "size": 8322, "regions": [{"shape_attributes": {"name": "polyline", "all_points_x": [16, 17, 21, 29, 27, 25, 23, 42, 56, 58, 53, 59, 65, 68, 65, 63, 15, 16], "all_points_y": [165, 83, 66, 44, 33, 28, 21, 20, 20, 25, 37, 64, 91, 122, 138, 169, 165, 165]}, "region_attributes": {}}, {"shape_attributes": {"name": "polyline", "all_points_x": [73, 101, 104, 111, 109, 106, 72, 66, 68, 76, 73], "all_points_y": [69, 68, 87, 120, 153, 167, 168, 161, 102, 79, 70]}, "region_attributes": {}}, {"shape_attributes": {"name": "polyline", "all_points_x": [113, 151, 152, 145, 151, 152, 149, 136, 124, 118, 113, 111, 113, 118, 113, 115], "all_points_y": [78, 78, 83, 88, 115, 157, 165, 165, 166, 165, 165, 159, 115, 89, 84, 77]}, "region_attributes": {}}, {"shape_attributes": {"name": "polyline", "all_points_x": [156, 186, 189, 189, 192, 193, 196, 185, 158, 153, 153, 158, 156, 155], "all_points_y": [79, 78, 83, 96, 108, 127, 164, 167, 167, 160, 110, 95, 81, 81]}, "region_attributes": {}}, {"shape_attributes": {"name": "polyline", "all_points_x": [199, 225, 231, 223, 230, 231, 231, 222, 205, 199, 197, 199, 199, 198, 201], "all_points_y": [95, 95, 99, 105, 121, 155, 162, 165, 165, 164, 149, 119, 106, 101, 95]}, "region_attributes": {}}], "file_attributes": {}}, "23.jpg92570": {"filename": "23.jpg", "size": 92570, "regions": [{"shape_attributes": {"name": "polyline", "all_points_x": [209, 203, 184, 143, 96, 49, 40, 33, 27, 36, 31, 31, 45, 55, 60, 73, 73, 73, 139, 151, 163, 163, 176, 192, 208, 207], "all_points_y": [697, 724, 735, 748, 757, 748, 737, 695, 609, 495, 428, 357, 327, 309, 267, 175, 133, 109, 109, 112, 256, 308, 325, 351, 432, 697]}, "region_attributes": {}}, {"shape_attributes": {"name": "polyline", "all_points_x": [215, 260, 300, 316, 333, 329, 320, 300, 297, 292, 289, 289, 223, 215, 212, 201, 191, 212, 209], "all_points_y": [689, 697, 689, 675, 660, 381, 352, 313, 273, 219, 160, 135, 137, 241, 288, 331, 343, 440, 684]}, "region_attributes": {}}, {"shape_attributes": {"name": "polyline", "all_points_x": [420, 427, 404, 395, 388, 340, 333, 323, 316, 328, 331, 363, 404, 423], "all_points_y": [623, 367, 320, 185, 131, 135, 192, 319, 339, 377, 631, 645, 643, 627]}, "region_attributes": {}}, {"shape_attributes": {"name": "polyline", "all_points_x": [511, 521, 513, 517, 521, 521, 499, 496, 487, 487, 485, 445, 433, 431, 425, 419, 413, 424, 421, 467, 497, 513], "all_points_y": [599, 573, 544, 499, 412, 369, 321, 289, 209, 161, 151, 151, 195, 229, 293, 328, 339, 360, 605, 617, 612, 601]}, "region_attributes": {}}], "file_attributes": {}}, "24.jpg19462": {"filename": "24.jpg", "size": 19462, "regions": [{"shape_attributes": {"name": "polyline", "all_points_x": [139, 114, 101, 104, 104, 102, 79, 66, 71, 74, 76, 77, 80, 115, 141, 183, 187, 190, 190, 191, 186, 159, 154, 156, 156, 155, 150, 138], "all_points_y": [27, 30, 43, 55, 76, 91, 104, 125, 180, 223, 255, 287, 310, 335, 337, 304, 275, 221, 158, 137, 117, 95, 89, 64, 51, 37, 30, 28]}, "region_attributes": {}}, {"shape_attributes": {"name": "polyline", "all_points_x": [355, 386, 388, 386, 395, 402, 408, 413, 417, 418, 413, 412, 413, 411, 406, 385, 373, 351, 331, 332, 338, 336, 333, 329, 325, 325, 327, 331, 335, 348, 348, 351, 353, 355, 357, 358], "all_points_y": [22, 21, 29, 56, 87, 110, 127, 142, 169, 198, 222, 249, 279, 302, 314, 321, 324, 323, 307, 292, 259, 244, 234, 216, 196, 181, 157, 138, 126, 83, 65, 47, 33, 26, 24, 23]}, "region_attributes": {}}], "file_attributes": {}}, "25.jpg314132": {"filename": "25.jpg", "size": 314132, "regions": [{"shape_attributes": {"name": "polyline", "all_points_x": [435, 487, 528, 548, 548, 535, 520, 520, 523, 524, 524, 507, 468, 457, 461, 468, 440, 436, 433, 429, 435], "all_points_y": [361, 365, 364, 216, 179, 145, 108, 81, 68, 67, 59, 53, 53, 56, 69, 93, 155, 177, 236, 328, 351]}, "region_attributes": {}}, {"shape_attributes": {"name": "polyline", "all_points_x": [339, 397, 403, 393, 400, 407, 419, 412, 415, 415, 409, 391, 341, 321, 316, 320, 320, 329, 339], "all_points_y": [53, 55, 61, 75, 112, 148, 179, 216, 267, 336, 356, 361, 359, 353, 295, 224, 171, 145, 109]}, "region_attributes": {}}, {"shape_attributes": {"name": "polyline", "all_points_x": [340, 340, 337], "all_points_y": [69, 55, 104]}, "region_attributes": {}}, {"shape_attributes": {"name": "polyline", "all_points_x": [288, 292, 297, 272, 272, 279, 208, 212, 204, 185, 196, 204, 259, 291, 291], "all_points_y": [360, 345, 168, 116, 68, 56, 53, 77, 133, 195, 344, 363, 367, 361, 345]}, "region_attributes": {}}, {"shape_attributes": {"name": "polyline", "all_points_x": [76, 95, 131, 165, 173, 172, 172, 169, 149, 145, 145, 148, 144, 77, 83, 89, 71, 68, 72], "all_points_y": [348, 365, 368, 357, 295, 236, 189, 155, 124, 92, 75, 60, 51, 55, 76, 113, 152, 188, 337]}, "region_attributes": {}}], "file_attributes": {}}, "gb2.jpg13147": {"filename": "gb2.jpg", "size": 13147, "regions": [{"shape_attributes": {"name": "polyline", "all_points_x": [100, 119, 149, 167, 173, 163, 158, 165, 172, 176, 180, 180, 180, 174, 161, 141, 115, 101, 96, 92, 91, 106, 107, 109, 102, 100], "all_points_y": [24, 13, 15, 22, 41, 57, 81, 98, 114, 138, 170, 192, 217, 239, 259, 261, 261, 245, 229, 186, 137, 110, 87, 68, 46, 24]}, "region_attributes": {}}], "file_attributes": {}}, "gb5.jpg3470": {"filename": "gb5.jpg", "size": 3470, "regions": [{"shape_attributes": {"name": "polyline", "all_points_x": [117, 140, 164, 170, 173, 171, 169, 164, 155, 155, 153, 153, 150, 134, 128, 124, 118, 124, 124, 114, 102, 101, 100, 101, 100, 100], "all_points_y": [272, 270, 266, 261, 219, 167, 133, 106, 79, 51, 25, 10, 2, 1, 2, 16, 38, 50, 67, 88, 121, 143, 174, 213, 247, 260]}, "region_attributes": {}}], "file_attributes": {}}, "gb7.jpg4239": {"filename": "gb7.jpg", "size": 4239, "regions": [{"shape_attributes": {"name": "polyline", "all_points_x": [112, 143, 155, 156, 157, 174, 183, 191, 193, 193, 195, 193, 190, 173, 155, 128, 108, 87, 75, 75, 75, 76, 78, 90, 105, 119, 118, 118], "all_points_y": [1, 0, 4, 23, 41, 51, 62, 98, 123, 163, 202, 230, 262, 271, 269, 267, 267, 260, 239, 211, 162, 115, 78, 59, 52, 43, 3, 2]}, "region_attributes": {}}], "file_attributes": {}}, "gb11.jpg3324": {"filename": "gb11.jpg", "size": 3324, "regions": [{"shape_attributes": {"name": "polyline", "all_points_x": [100, 107, 107, 118, 127, 127, 135, 128, 127, 128, 136, 136, 134, 134, 134, 134, 91, 92, 102, 105, 105, 106], "all_points_y": [13, 10, 5, 4, 4, 11, 16, 22, 38, 51, 75, 109, 154, 185, 210, 219, 218, 68, 48, 44, 28, 19]}, "region_attributes": {}}], "file_attributes": {}}, "gb12.jpg8943": {"filename": "gb12.jpg", "size": 8943, "regions": [{"shape_attributes": {"name": "polyline", "all_points_x": [143, 158, 174, 204, 211, 208, 199, 197, 197, 202, 194, 194, 164, 164, 157, 158, 162, 154, 144, 143, 145, 143, 141], "all_points_y": [338, 342, 341, 339, 339, 95, 72, 47, 29, 24, 17, 10, 8, 13, 22, 39, 63, 77, 100, 136, 249, 304, 323]}, "region_attributes": {}}], "file_attributes": {}}, "gb13.jpg4298": {"filename": "gb13.jpg", "size": 4298, "regions": [{"shape_attributes": {"name": "polyline", "all_points_x": [91, 99, 97, 92, 94, 122, 136, 127, 129, 141, 145, 145, 146, 139, 115, 92, 82, 80, 80], "all_points_y": [32, 32, 19, 14, 9, 8, 10, 21, 27, 31, 62, 137, 207, 218, 218, 216, 211, 46, 39]}, "region_attributes": {}}], "file_attributes": {}}, "gb14.jpg6797": {"filename": "gb14.jpg", "size": 6797, "regions": [{"shape_attributes": {"name": "polyline", "all_points_x": [94, 112, 123, 121, 128, 134, 138, 136, 133, 136, 137, 116, 93, 79, 78, 78, 76, 76, 76, 81, 87, 90, 92, 92], "all_points_y": [9, 9, 8, 40, 52, 74, 103, 135, 164, 187, 208, 219, 218, 213, 191, 173, 154, 121, 89, 69, 56, 48, 27, 15]}, "region_attributes": {}}], "file_attributes": {}}, "gb15.png44686": {"filename": "gb15.png", "size": 44686, "regions": [{"shape_attributes": {"name": "polyline", "all_points_x": [260, 278, 301, 320, 335, 340, 342, 342, 345, 345, 340, 334, 332, 317, 318, 318, 321, 272, 278, 274, 268, 260, 250, 250, 251, 256], "all_points_y": [323, 327, 328, 328, 324, 323, 292, 259, 231, 178, 155, 134, 109, 62, 31, 19, 9, 8, 45, 61, 101, 139, 167, 218, 276, 304]}, "region_attributes": {}}], "file_attributes": {}}, "gb17.png312398": {"filename": "gb17.png", "size": 312398, "regions": [{"shape_attributes": {"name": "polyline", "all_points_x": [440, 461, 497, 530, 551, 558, 549], "all_points_y": [18, 11, 11, 11, 14, 23, 38]}, "region_attributes": {}}, {"shape_attributes": {"name": "polyline", "all_points_x": [554, 564, 553, 564, 568, 576, 576, 629, 638, 637, 638, 637, 627, 615, 587, 534, 454, 383, 367, 354, 362, 367, 382, 404, 413, 419, 444, 435, 444, 431, 462], "all_points_y": [42, 68, 79, 167, 232, 286, 331, 424, 477, 576, 778, 900, 954, 973, 973, 978, 977, 973, 959, 892, 436, 417, 396, 371, 346, 321, 79, 68, 33, 22, 8]}, "region_attributes": {}}], "file_attributes": {}}, "gb20.png29142": {"filename": "gb20.png", "size": 29142, "regions": [{"shape_attributes": {"name": "polyline", "all_points_x": [32, 32, 43, 48, 48, 58, 65, 66, 67, 70, 75, 82, 79, 80, 61, 58, 52, 45, 34, 34], "all_points_y": [152, 79, 63, 25, 15, 12, 14, 21, 36, 54, 69, 77, 123, 140, 144, 149, 153, 156, 156, 156]}, "region_attributes": {}}, {"shape_attributes": {"name": "polyline", "all_points_x": [3, 0, 0, 9, 18, 39, 53, 64, 81, 170, 174, 176, 177, 176, 173, 171, 166, 80, 60, 50, 44, 28, 23, 9, 3, 2], "all_points_y": [164, 168, 176, 178, 179, 182, 182, 189, 191, 183, 179, 171, 162, 153, 145, 140, 136, 140, 145, 156, 157, 158, 160, 161, 164, 166]}, "region_attributes": {}}], "file_attributes": {}}, "gb23.jpg100783": {"filename": "gb23.jpg", "size": 100783, "regions": [{"shape_attributes": {"name": "polyline", "all_points_x": [714, 752, 774, 792, 798, 810, 836, 846, 802, 732, 700, 670, 644, 626, 616, 714], "all_points_y": [564, 486, 430, 384, 352, 280, 200, 154, 132, 270, 300, 342, 424, 472, 524, 574]}, "region_attributes": {}}, {"shape_attributes": {"name": "polyline", "all_points_x": [558, 614, 652, 664, 558, 518, 496, 460, 434, 402, 398, 394, 422, 446, 552], "all_points_y": [464, 464, 432, 410, 192, 176, 146, 100, 68, 78, 78, 92, 158, 208, 452]}, "region_attributes": {}}], "file_attributes": {}}, "gb24.png2616571": {"filename": "gb24.png", "size": 2616571, "regions": [{"shape_attributes": {"name": "polyline", "all_points_x": [1562, 1619, 1667, 1703, 1737, 1752, 1509, 1436, 1398, 1331, 1285, 1278, 1246, 1186, 1196, 1237, 1311, 1309, 1357, 1554], "all_points_y": [996, 986, 970, 938, 907, 885, 440, 399, 356, 257, 202, 173, 144, 178, 209, 272, 448, 532, 647, 989]}, "region_attributes": {}}, {"shape_attributes": {"name": "polyline", "all_points_x": [909, 941, 885, 881, 876, 871, 871, 857, 794, 777, 772, 765, 765, 741, 703, 693, 698, 753, 847, 905], "all_points_y": [958, 476, 358, 286, 164, 91, 67, 46, 46, 48, 120, 214, 308, 373, 421, 491, 922, 972, 972, 958]}, "region_attributes": {}}], "file_attributes": {}}, "gb25.jpg136012": {"filename": "gb25.jpg", "size": 136012, "regions": [{"shape_attributes": {"name": "polyline", "all_points_x": [750, 790, 838, 874, 898, 892, 872, 804, 698, 678, 646, 612, 544, 532, 526, 502, 460, 450, 460, 484, 508, 524, 560, 566, 578, 746], "all_points_y": [590, 610, 602, 572, 528, 498, 476, 398, 256, 248, 234, 194, 134, 128, 104, 92, 100, 120, 148, 166, 186, 240, 306, 362, 378, 582]}, "region_attributes": {}}, {"shape_attributes": {"name": "polyline", "all_points_x": [372, 390, 430, 444, 428, 380, 392, 380, 330, 294, 260, 204, 120, 216, 280, 360, 368, 368], "all_points_y": [104, 100, 118, 130, 140, 366, 444, 476, 604, 714, 780, 782, 750, 372, 324, 144, 124, 126]}, "region_attributes": {}}, {"shape_attributes": {"name": "polyline", "all_points_x": [462, 444, 444, 414, 398, 388, 400, 468, 522, 550, 530, 524, 516, 476, 462], "all_points_y": [190, 208, 234, 304, 344, 356, 518, 536, 502, 344, 300, 236, 194, 184, 190]}, "region_attributes": {}}], "file_attributes": {}}, "gb26.jpg53966": {"filename": "gb26.jpg", "size": 53966, "regions": [{"shape_attributes": {"name": "polyline", "all_points_x": [394, 436, 484, 497, 494, 508, 497, 502, 584, 584, 574, 563, 476, 423, 349, 320, 301, 309, 338, 375, 399, 378, 391, 391], "all_points_y": [164, 151, 156, 159, 201, 219, 249, 320, 806, 970, 1124, 1161, 1176, 1176, 1168, 1155, 957, 814, 613, 434, 254, 225, 198, 164]}, "region_attributes": {}}], "file_attributes": {}}, "gb27.jpg4670": {"filename": "gb27.jpg", "size": 4670, "regions": [{"shape_attributes": {"name": "polyline", "all_points_x": [123, 118, 119, 134, 135, 134, 152, 153, 159, 165, 166, 167, 161, 142, 126], "all_points_y": [209, 196, 134, 87, 74, 64, 63, 83, 114, 141, 163, 206, 210, 213, 210]}, "region_attributes": {}}, {"shape_attributes": {"name": "polyline", "all_points_x": [110, 112, 116, 114, 115, 114, 110, 104, 99, 96, 96, 96, 95, 85, 79, 76, 76, 78, 73, 67, 60, 57, 58, 62, 70, 81, 93, 109, 110], "all_points_y": [206, 199, 182, 164, 143, 122, 101, 75, 51, 32, 22, 16, 12, 12, 12, 16, 24, 33, 54, 76, 107, 135, 191, 207, 212, 213, 212, 208, 207]}, "region_attributes": {}}], "file_attributes": {}}, "gb28.jpg3175": {"filename": "gb28.jpg", "size": 3175, "regions": [{"shape_attributes": {"name": "polyline", "all_points_x": [96, 114, 125, 131, 129, 127, 132, 138, 143, 144, 143, 144, 144, 139, 128, 106, 91, 82, 80, 90, 99, 99, 95, 96, 98], "all_points_y": [9, 8, 9, 10, 16, 28, 51, 69, 90, 112, 156, 186, 206, 212, 214, 214, 212, 206, 91, 66, 38, 18, 14, 8, 8]}, "region_attributes": {}}], "file_attributes": {}}, "gb29.jpg7021": {"filename": "gb29.jpg", "size": 7021, "regions": [{"shape_attributes": {"name": "polyline", "all_points_x": [124, 133, 146, 155, 162, 165, 163, 163, 162, 159, 161, 168, 175, 188, 191, 187, 191, 195, 195, 197, 192, 157, 129, 105, 94, 92, 94, 97, 101, 107, 115, 129, 127, 124, 124, 128], "all_points_y": [49, 48, 47, 48, 48, 53, 60, 68, 88, 111, 122, 135, 149, 182, 206, 230, 260, 299, 333, 351, 360, 361, 362, 359, 356, 353, 305, 247, 214, 175, 151, 118, 87, 68, 51, 49]}, "region_attributes": {}}], "file_attributes": {}}, "gb30.jpg7009": {"filename": "gb30.jpg", "size": 7009, "regions": [{"shape_attributes": {"name": "polyline", "all_points_x": [90, 106, 121, 130, 137, 141, 138, 142, 151, 155, 155, 154, 149, 147, 140, 127, 112, 94, 78, 71, 67, 66, 70, 77, 83, 85, 82, 84, 87, 87, 91], "all_points_y": [12, 7, 7, 12, 17, 31, 45, 54, 65, 75, 90, 113, 191, 205, 213, 219, 222, 222, 216, 204, 189, 80, 64, 55, 47, 43, 34, 26, 22, 12, 12]}, "region_attributes": {}}], "file_attributes": {}}, "gb31.jpg10077": {"filename": "gb31.jpg", "size": 10077, "regions": [{"shape_attributes": {"name": "polyline", "all_points_x": [347, 364, 391, 410, 417, 423, 416, 409, 455, 472, 481, 475, 475, 470, 458, 427, 346, 310, 290, 285, 289, 309, 336, 351, 348, 343, 339, 342], "all_points_y": [58, 55, 57, 58, 65, 106, 121, 139, 148, 174, 234, 298, 686, 693, 715, 715, 709, 710, 699, 672, 165, 151, 149, 144, 133, 131, 108, 68]}, "region_attributes": {}}], "file_attributes": {}}, "gb32.jpg49743": {"filename": "gb32.jpg", "size": 49743, "regions": [{"shape_attributes": {"name": "polyline", "all_points_x": [82, 91, 107, 123, 132, 132, 132, 130, 135, 152, 165, 176, 178, 176, 174, 177, 181, 180, 42, 40, 63, 70, 77, 82, 83, 85, 84], "all_points_y": [29, 22, 20, 20, 31, 49, 77, 104, 150, 177, 189, 220, 249, 309, 357, 416, 466, 471, 471, 206, 174, 163, 155, 132, 78, 54, 44]}, "region_attributes": {}}, {"shape_attributes": {"name": "polyline", "all_points_x": [209, 223, 240, 255, 256, 260, 259, 263, 268, 285, 300, 310, 319, 182, 178, 195, 205, 210, 212, 213, 213, 213, 209, 209], "all_points_y": [31, 25, 24, 27, 42, 75, 107, 138, 159, 171, 191, 247, 470, 469, 215, 177, 169, 159, 119, 93, 70, 63, 51, 43]}, "region_attributes": {}}], "file_attributes": {}}, "gb35.jpg11264": {"filename": "gb35.jpg", "size": 11264, "regions": [{"shape_attributes": {"name": "polyline", "all_points_x": [144, 148, 151, 155, 157, 162, 166, 173, 176, 181, 187, 191, 195, 171, 162, 158, 156, 157, 152, 149, 145, 144], "all_points_y": [67, 65, 64, 68, 73, 81, 87, 92, 98, 105, 114, 123, 132, 133, 119, 107, 101, 94, 88, 76, 72, 70]}, "region_attributes": {}}, {"shape_attributes": {"name": "polyline", "all_points_x": [154, 157, 160, 161, 168, 166, 169, 170, 167, 162, 160, 159, 151, 147, 142, 138, 134, 132, 154], "all_points_y": [130, 125, 118, 116, 94, 84, 76, 73, 71, 70, 71, 76, 95, 99, 103, 113, 122, 128, 130]}, "region_attributes": {}}], "file_attributes": {}}, "gb36.jpg6784": {"filename": "gb36.jpg", "size": 6784, "regions": [{"shape_attributes": {"name": "polyline", "all_points_x": [53, 57, 65, 76, 81, 82, 81, 82, 82, 82, 77, 76, 75, 75, 75, 73, 66, 63, 62, 62, 60, 58, 54, 54, 53, 54], "all_points_y": [135, 136, 137, 137, 136, 131, 120, 96, 83, 76, 67, 56, 44, 37, 32, 30, 29, 30, 32, 42, 54, 68, 75, 83, 133, 136]}, "region_attributes": {}}, {"shape_attributes": {"name": "polyline", "all_points_x": [83, 83, 85, 86, 88, 90, 91, 93, 94, 98, 99, 102, 104, 106, 107, 109, 115, 117, 118, 117, 116, 116, 116, 118, 117, 115, 114, 108, 106, 99, 92, 87, 83], "all_points_y": [150, 147, 142, 137, 130, 121, 111, 102, 98, 94, 90, 80, 72, 68, 62, 62, 62, 63, 66, 71, 80, 89, 98, 101, 108, 117, 124, 153, 156, 157, 155, 153, 151]}, "region_attributes": {}}, {"shape_attributes": {"name": "polyline", "all_points_x": [46, 47, 47, 49, 55, 63, 69, 75, 75, 73, 71, 69, 69, 53, 50, 47, 45, 43, 43, 42, 37, 33, 31, 32, 34, 36, 37, 36, 34, 34, 45], "all_points_y": [146, 156, 162, 165, 166, 165, 163, 161, 156, 147, 142, 138, 135, 88, 85, 75, 71, 66, 63, 62, 62, 63, 64, 73, 80, 89, 96, 103, 107, 111, 142]}, "region_attributes": {}}], "file_attributes": {}}, "gb37.jpg729281": {"filename": "gb37.jpg", "size": 729281, "regions": [{"shape_attributes": {"name": "polyline", "all_points_x": [367, 386, 420, 453, 459, 448, 462, 462, 462, 462, 496, 526, 557, 565, 572, 570, 554, 527, 456, 394, 328, 277, 260, 253, 260, 283, 315, 352, 363, 366, 366, 366, 375, 374, 377], "all_points_y": [79, 74, 74, 76, 97, 116, 144, 192, 264, 302, 364, 402, 448, 496, 580, 1026, 1055, 1059, 1069, 1069, 1063, 1058, 1039, 1015, 485, 421, 382, 331, 264, 211, 147, 120, 116, 79, 78]}, "region_attributes": {}}], "file_attributes": {}}, "gb38.jpg8045": {"filename": "gb38.jpg", "size": 8045, "regions": [{"shape_attributes": {"name": "polyline", "all_points_x": [125, 133, 136, 145, 152, 157, 152, 143, 133, 130, 120, 123, 124, 124, 123, 123], "all_points_y": [39, 39, 40, 77, 89, 147, 149, 151, 149, 146, 94, 82, 67, 52, 44, 41]}, "region_attributes": {}}], "file_attributes": {}}, "gb40.jpg22157": {"filename": "gb40.jpg", "size": 22157, "regions": [{"shape_attributes": {"name": "polyline", "all_points_x": [315, 317, 317, 307, 289, 283, 281, 286, 293, 288, 265, 240, 224, 211, 200, 196, 196, 200, 203, 203, 200, 185, 177, 168, 171, 175, 188, 212, 247, 277, 307], "all_points_y": [463, 429, 117, 90, 79, 67, 52, 43, 35, 18, 14, 15, 15, 18, 21, 30, 37, 43, 49, 63, 71, 83, 102, 113, 452, 464, 469, 473, 473, 473, 471]}, "region_attributes": {}}], "file_attributes": {}}, "gb41.jpg3777": {"filename": "gb41.jpg", "size": 3777, "regions": [{"shape_attributes": {"name": "polyline", "all_points_x": [101, 108, 121, 126, 126, 124, 125, 127, 128, 131, 136, 140, 140, 140, 139, 139, 139, 138, 126, 112, 97, 91, 88, 86, 87, 87, 87, 86, 93, 97, 98, 102, 102, 100], "all_points_y": [7, 6, 6, 7, 11, 14, 28, 46, 64, 80, 87, 99, 110, 140, 170, 195, 208, 213, 216, 216, 215, 213, 212, 194, 162, 134, 105, 94, 85, 71, 43, 29, 15, 10]}, "region_attributes": {}}], "file_attributes": {}}, "gb42.jpg27509": {"filename": "gb42.jpg", "size": 27509, "regions": [{"shape_attributes": {"name": "polyline", "all_points_x": [113, 117, 135, 161, 183, 199, 203, 210, 209, 206, 200, 202, 203, 223, 239, 235, 222, 191, 143, 122, 99, 89, 80, 79, 93, 105, 115, 119, 120, 121, 121, 111, 114], "all_points_y": [15, 7, 3, 4, 5, 6, 9, 17, 25, 28, 42, 69, 91, 112, 136, 428, 462, 473, 476, 471, 461, 449, 427, 145, 120, 104, 95, 77, 45, 34, 27, 27, 20]}, "region_attributes": {}}], "file_attributes": {}}, "gb43.jpg33437": {"filename": "gb43.jpg", "size": 33437, "regions": [{"shape_attributes": {"name": "polyline", "all_points_x": [278, 274, 289, 382, 424, 431, 436, 424, 420, 429, 449, 460, 473, 483, 490, 486, 482, 484, 481, 481, 481, 484, 479, 458, 432, 369, 322, 260, 237, 217, 213, 213, 212, 212, 218, 217, 216, 222, 238, 268, 277, 278], "all_points_y": [40, 20, 10, 3, 8, 18, 40, 52, 74, 99, 123, 156, 186, 220, 251, 288, 351, 408, 466, 555, 602, 628, 659, 687, 694, 692, 694, 694, 692, 662, 628, 579, 502, 421, 357, 283, 243, 202, 146, 120, 76, 30]}, "region_attributes": {}}], "file_attributes": {}}, "gb45.jpg9077": {"filename": "gb45.jpg", "size": 9077, "regions": [{"shape_attributes": {"name": "polyline", "all_points_x": [103, 119, 148, 182, 187, 199, 201, 163, 167, 166, 156, 140, 133, 132, 136, 133, 124, 96, 97], "all_points_y": [399, 404, 403, 405, 402, 396, 330, 53, 31, 25, 25, 25, 25, 35, 63, 86, 145, 325, 387]}, "region_attributes": {}}], "file_attributes": {}}, "gb47.jpg6756": {"filename": "gb47.jpg", "size": 6756, "regions": [{"shape_attributes": {"name": "polyline", "all_points_x": [137, 136, 136, 136, 136, 136, 134, 131, 127, 117, 109, 105, 100, 101, 100, 106, 112, 130, 159, 174, 189, 194, 196, 198, 201, 199, 189, 178, 174, 169, 166, 166, 167, 166, 155, 145, 139], "all_points_y": [93, 98, 103, 112, 123, 137, 158, 173, 191, 212, 233, 255, 284, 315, 338, 382, 398, 405, 406, 405, 398, 389, 350, 312, 292, 252, 225, 202, 178, 140, 119, 101, 95, 90, 89, 90, 91]}, "region_attributes": {}}], "file_attributes": {}}, "gb49.jpg5802": {"filename": "gb49.jpg", "size": 5802, "regions": [{"shape_attributes": {"name": "polyline", "all_points_x": [102, 102, 101, 103, 85, 88, 90, 90, 91, 92, 106, 119, 132, 140, 143, 143, 148, 149, 141, 131, 132, 134, 133, 133, 128, 117, 112, 103, 101], "all_points_y": [24, 30, 35, 45, 158, 170, 182, 247, 256, 262, 271, 273, 270, 263, 256, 178, 166, 149, 127, 48, 41, 37, 33, 25, 20, 19, 19, 20, 25]}, "region_attributes": {}}], "file_attributes": {}}, "gb50.jpg16170": {"filename": "gb50.jpg", "size": 16170, "regions": [{"shape_attributes": {"name": "polyline", "all_points_x": [233, 238, 254, 277, 290, 297, 299, 297, 298, 299, 298, 296, 296, 299, 304, 311, 321, 328, 335, 336, 334, 332, 334, 335, 336, 330, 329, 305, 269, 242, 225, 207, 202, 196, 193, 199, 199, 198, 195, 196, 222, 230, 234, 234, 234, 231, 235, 235, 235], "all_points_y": [28, 22, 20, 20, 20, 23, 29, 35, 46, 48, 60, 68, 85, 107, 151, 169, 182, 195, 208, 226, 268, 299, 349, 392, 430, 459, 474, 481, 487, 485, 481, 475, 471, 458, 427, 383, 293, 251, 227, 209, 164, 134, 84, 71, 59, 51, 42, 32, 29]}, "region_attributes": {}}], "file_attributes": {}}, "gb51.jpg12057": {"filename": "gb51.jpg", "size": 12057, "regions": [{"shape_attributes": {"name": "polyline", "all_points_x": [221, 228, 248, 266, 282, 286, 289, 283, 286, 285, 281, 282, 288, 294, 302, 306, 314, 314, 315, 313, 307, 304, 312, 315, 311, 306, 297, 284, 265, 251, 231, 219, 209, 201, 199, 205, 205, 200, 194, 193, 194, 201, 204, 214, 217, 223, 225, 226, 223, 224, 224, 220, 223], "all_points_y": [39, 34, 32, 32, 35, 42, 53, 56, 67, 76, 91, 110, 133, 159, 168, 184, 207, 223, 253, 300, 349, 375, 400, 426, 442, 451, 456, 463, 465, 467, 463, 458, 451, 436, 416, 383, 373, 325, 306, 267, 234, 212, 186, 166, 143, 125, 101, 84, 73, 61, 56, 45, 37]}, "region_attributes": {}}], "file_attributes": {}}, "gb52.jpg6151": {"filename": "gb52.jpg", "size": 6151, "regions": [{"shape_attributes": {"name": "polyline", "all_points_x": [110, 113, 112, 112, 112, 105, 103, 101, 101, 100, 100, 100, 97, 91, 86, 81, 80, 80, 78, 76, 76, 75, 68, 67, 70, 76, 84, 91, 97, 105, 110], "all_points_y": [169, 163, 133, 98, 83, 69, 62, 41, 26, 16, 11, 8, 5, 5, 5, 7, 10, 15, 32, 51, 62, 70, 84, 166, 172, 174, 175, 176, 175, 173, 170]}, "region_attributes": {}}], "file_attributes": {}}, "gb53.jpg34686": {"filename": "gb53.jpg", "size": 34686, "regions": [{"shape_attributes": {"name": "polyline", "all_points_x": [325, 339, 363, 377, 386, 386, 387, 387, 392, 396, 411, 417, 417, 413, 407, 404, 406, 407, 388, 356, 328, 307, 288, 278, 275, 277, 285, 285, 283, 282, 287, 299, 307, 317, 321, 324, 321, 325, 325, 325], "all_points_y": [106, 102, 102, 104, 106, 122, 148, 168, 199, 232, 262, 303, 349, 407, 442, 483, 520, 553, 564, 566, 566, 558, 550, 540, 521, 493, 461, 433, 396, 341, 299, 269, 239, 216, 177, 150, 136, 129, 119, 113]}, "region_attributes": {}}, {"shape_attributes": {"name": "polyline", "all_points_x": [142, 143, 148, 151, 150, 147, 146, 145, 144, 144, 151, 158, 168, 174, 181, 181, 181, 178, 182, 182, 201, 224, 235, 243, 243, 245, 245, 248, 251, 261, 266, 271, 275, 276, 269, 269, 268, 268, 270, 272, 274, 269, 258, 235, 210, 188, 165, 151, 143], "all_points_y": [534, 509, 491, 470, 438, 412, 386, 354, 329, 301, 280, 260, 235, 213, 186, 162, 145, 138, 121, 113, 106, 105, 108, 110, 122, 145, 168, 198, 225, 250, 267, 289, 315, 352, 404, 431, 457, 478, 495, 519, 545, 550, 557, 566, 568, 565, 562, 552, 545]}, "region_attributes": {}}, {"shape_attributes": {"name": "polyline", "all_points_x": [31, 30, 44, 72, 82, 97, 90, 99, 93, 95, 111, 116, 124, 133, 137, 137, 135, 131, 134, 138, 143, 142, 135, 96, 70, 44, 32, 15, 13, 13, 17, 12, 6, 1, 1, 17, 21, 34, 34, 34, 30, 34], "all_points_y": [112, 106, 104, 102, 102, 106, 118, 149, 156, 187, 227, 236, 253, 281, 315, 352, 392, 429, 464, 493, 510, 531, 545, 553, 559, 557, 550, 541, 516, 481, 453, 425, 384, 347, 300, 269, 235, 202, 170, 144, 135, 113]}, "region_attributes": {}}], "file_attributes": {}}, "gb54.jpg8957": {"filename": "gb54.jpg", "size": 8957, "regions": [{"shape_attributes": {"name": "polyline", "all_points_x": [102, 109, 127, 135, 137, 134, 131, 120, 113, 106, 100, 92, 83, 84, 80, 69, 57, 41, 22, 15, 11, 9, 8, 10, 26, 45, 64, 85, 97, 102, 109], "all_points_y": [40, 39, 45, 51, 56, 66, 72, 91, 105, 125, 140, 153, 176, 198, 209, 231, 247, 261, 264, 261, 234, 199, 178, 162, 150, 134, 104, 71, 51, 42, 41]}, "region_attributes": {}}, {"shape_attributes": {"name": "polyline", "all_points_x": [56, 69, 83, 94, 102, 76, 67, 59, 56], "all_points_y": [35, 22, 19, 30, 42, 86, 66, 43, 36]}, "region_attributes": {}}, {"shape_attributes": {"name": "polyline", "all_points_x": [93, 99, 111, 135, 146, 177, 183, 166, 151, 141, 130, 124, 115, 100, 95], "all_points_y": [154, 166, 201, 227, 241, 241, 196, 165, 131, 111, 102, 89, 111, 148, 152]}, "region_attributes": {}}], "file_attributes": {}}, "gb55.jpg28233": {"filename": "gb55.jpg", "size": 28233, "regions": [{"shape_attributes": {"name": "polyline", "all_points_x": [460, 464, 463, 461, 461, 460, 460, 460, 450, 442, 434, 429, 427, 427, 429, 434, 434, 433, 414, 400, 391, 391, 391, 392, 392, 394, 394, 379, 377, 364, 364, 364, 364, 364, 364, 364, 367, 380, 407, 433, 449, 458], "all_points_y": [456, 435, 375, 316, 271, 232, 197, 163, 151, 144, 132, 108, 71, 48, 42, 26, 15, 6, 7, 8, 8, 20, 40, 61, 92, 125, 137, 149, 156, 177, 211, 270, 311, 367, 406, 440, 453, 459, 462, 462, 461, 455]}, "region_attributes": {}}], "file_attributes": {}}, "gb56.jpg63493": {"filename": "gb56.jpg", "size": 63493, "regions": [{"shape_attributes": {"name": "polyline", "all_points_x": [139, 129, 129, 132, 132, 139, 135, 145, 168, 181, 185, 190, 197, 204, 204, 200, 200, 205, 199, 201, 214, 241, 263, 283, 290, 287, 281, 288, 289, 282, 286, 301, 314, 351, 350, 353, 346, 333, 302, 258, 217, 182, 156, 142], "all_points_y": [928, 897, 848, 780, 711, 629, 430, 388, 348, 317, 258, 218, 165, 116, 102, 96, 83, 72, 68, 48, 46, 46, 46, 49, 58, 69, 72, 93, 104, 106, 135, 331, 355, 414, 848, 875, 908, 932, 934, 936, 936, 936, 931, 927]}, "region_attributes": {}}], "file_attributes": {}}, "gb57.jpg88045": {"filename": "gb57.jpg", "size": 88045, "regions": [{"shape_attributes": {"name": "polyline", "all_points_x": [284, 359, 389, 424, 437, 447, 466, 433, 379, 344, 321, 290], "all_points_y": [497, 346, 311, 274, 259, 255, 400, 496, 485, 488, 493, 499]}, "region_attributes": {}}, {"shape_attributes": {"name": "polyline", "all_points_x": [509, 521, 522, 495, 489, 503, 506], "all_points_y": [250, 229, 220, 200, 199, 246, 250]}, "region_attributes": {}}, {"shape_attributes": {"name": "polyline", "all_points_x": [455, 484, 506, 520, 554, 583, 615, 632, 669, 702, 717, 701, 656, 619, 582, 575, 564, 562, 534, 523, 509, 489, 476, 467, 464, 456, 451, 446, 439, 437, 447], "all_points_y": [205, 199, 251, 290, 331, 374, 444, 493, 622, 687, 734, 753, 764, 775, 777, 764, 733, 699, 631, 590, 559, 502, 447, 388, 351, 285, 261, 245, 238, 219, 210]}, "region_attributes": {}}], "file_attributes": {}}, "gb58.jpg78723": {"filename": "gb58.jpg", "size": 78723, "regions": [{"shape_attributes": {"name": "polyline", "all_points_x": [293, 297, 340, 372, 387, 401, 414, 442, 472, 487, 512, 516, 559, 573, 574, 545, 491, 422, 398, 379, 366, 367, 358, 343, 324, 299, 299, 311, 311, 301, 293], "all_points_y": [332, 327, 308, 301, 308, 368, 411, 459, 510, 562, 652, 722, 849, 901, 949, 968, 990, 1006, 994, 960, 913, 854, 787, 705, 621, 577, 520, 436, 387, 346, 324]}, "region_attributes": {}}], "file_attributes": {}}, "gb59.jpg4016": {"filename": "gb59.jpg", "size": 4016, "regions": [{"shape_attributes": {"name": "polyline", "all_points_x": [153, 155, 155, 150, 146, 146, 145, 145, 138, 133, 133, 133, 132, 130, 126, 124, 124, 123, 123, 124, 129, 143, 151, 154], "all_points_y": [160, 152, 106, 91, 75, 60, 50, 45, 44, 46, 54, 67, 79, 90, 101, 110, 126, 143, 154, 161, 164, 164, 162, 158]}, "region_attributes": {}}], "file_attributes": {}}, "gb60.jpg39186": {"filename": "gb60.jpg", "size": 39186, "regions": [{"shape_attributes": {"name": "polyline", "all_points_x": [125, 134, 145, 158, 157, 160, 167, 174, 177, 174, 174, 174, 178, 178, 170, 168, 125, 125, 126], "all_points_y": [187, 129, 112, 56, 53, 50, 51, 52, 54, 68, 95, 120, 131, 154, 182, 196, 192, 188, 188]}, "region_attributes": {}}, {"shape_attributes": {"name": "polyline", "all_points_x": [57, 42, 48, 45, 42, 43, 41, 44, 54, 58, 62, 59, 62, 61, 74, 83, 87, 92, 95, 98, 98, 88, 76, 64, 58], "all_points_y": [198, 128, 114, 62, 58, 54, 50, 46, 45, 44, 48, 51, 55, 58, 105, 116, 130, 156, 175, 196, 200, 200, 197, 200, 199]}, "region_attributes": {}}], "file_attributes": {}}, "gb63.jpg27076": {"filename": "gb63.jpg", "size": 27076, "regions": [{"shape_attributes": {"name": "polyline", "all_points_x": [95, 123, 169, 198, 214, 223, 224, 226, 231, 230, 216, 216, 217, 217, 214, 204, 192, 180, 169, 159, 141, 131, 110, 95], "all_points_y": [398, 398, 398, 392, 382, 351, 302, 256, 219, 191, 161, 135, 103, 87, 77, 74, 74, 104, 142, 157, 177, 202, 312, 398]}, "region_attributes": {}}, {"shape_attributes": {"name": "polyline", "all_points_x": [254, 265, 278, 296, 305, 314, 315, 305, 299, 292, 281, 269, 259, 250, 244, 244, 235, 218, 214, 215, 219, 225, 227, 224, 238, 228, 236, 249], "all_points_y": [330, 333, 332, 327, 322, 310, 301, 258, 220, 192, 170, 157, 121, 89, 69, 62, 58, 62, 64, 82, 122, 152, 170, 175, 216, 233, 281, 327]}, "region_attributes": {}}], "file_attributes": {}}, "gb65.jpg240050": {"filename": "gb65.jpg", "size": 240050, "regions": [{"shape_attributes": {"name": "polyline", "all_points_x": [419, 416, 413, 393, 375, 369, 379, 369, 370, 388, 420, 447, 475, 496, 513, 517, 512, 503, 501, 512, 503, 468, 465, 468, 470, 470, 435, 423, 417, 417], "all_points_y": [80, 200, 244, 279, 312, 340, 578, 609, 627, 640, 644, 643, 642, 635, 631, 616, 602, 581, 530, 327, 299, 237, 201, 118, 99, 74, 71, 73, 78, 88]}, "region_attributes": {}}], "file_attributes": {}}, "gb66.jpg321141": {"filename": "gb66.jpg", "size": 321141, "regions": [{"shape_attributes": {"name": "polyline", "all_points_x": [661, 644, 501, 484, 489, 530, 589, 663, 732, 816, 888, 954, 1004, 1021, 1024, 964, 919, 895, 890, 878, 868, 871, 868, 868, 847, 792, 735, 685], "all_points_y": [126, 647, 742, 816, 2221, 2286, 2300, 2321, 2321, 2321, 2312, 2293, 2257, 2236, 756, 713, 701, 682, 592, 465, 358, 260, 167, 122, 107, 107, 107, 117]}, "region_attributes": {}}], "file_attributes": {}}, "gb68.jpg345892": {"filename": "gb68.jpg", "size": 345892, "regions": [{"shape_attributes": {"name": "polyline", "all_points_x": [217, 222, 241, 260, 269, 270, 266, 268, 276, 291, 309, 324, 324, 323, 322, 318, 331, 340, 354, 363, 365, 363, 363, 362, 354, 324, 285, 246, 229], "all_points_y": [552, 341, 272, 205, 162, 110, 83, 56, 43, 42, 42, 49, 63, 79, 110, 142, 206, 253, 292, 331, 385, 451, 519, 550, 572, 570, 574, 570, 563]}, "region_attributes": {}}, {"shape_attributes": {"name": "polyline", "all_points_x": [577, 585, 589, 584, 587, 580, 563, 552, 541, 537, 540, 546, 542, 523, 504, 491, 482, 488, 484, 477, 466, 447, 441, 438, 437, 439, 450, 468, 500, 527, 560], "all_points_y": [559, 540, 489, 425, 371, 329, 270, 227, 171, 127, 102, 77, 45, 40, 40, 44, 58, 96, 154, 202, 249, 313, 367, 427, 493, 537, 562, 567, 570, 569, 566]}, "region_attributes": {}}, {"shape_attributes": {"name": "polyline", "all_points_x": [663, 682, 719, 759, 786, 797, 805, 804, 804, 804, 798, 784, 778, 767, 758, 757, 766, 766, 762, 736, 722, 708, 713, 712, 712, 696, 681, 672, 663, 662, 661, 662, 662], "all_points_y": [557, 568, 569, 569, 565, 556, 526, 468, 419, 362, 323, 277, 238, 181, 144, 106, 93, 69, 47, 39, 42, 50, 91, 114, 152, 202, 251, 295, 334, 402, 462, 510, 540]}, "region_attributes": {}}], "file_attributes": {}}, "gb69.jpg350634": {"filename": "gb69.jpg", "size": 350634, "regions": [{"shape_attributes": {"name": "polyline", "all_points_x": [798, 839, 851, 849, 837, 827, 815, 813, 813, 845, 823, 772, 744, 710, 694, 684, 684, 694, 696, 696, 692, 645, 609, 554, 526, 516, 510, 516, 518, 514, 504, 494, 450, 405, 371, 361, 365, 411, 389, 367, 377, 413, 458, 516, 569, 645, 704, 752, 796], "all_points_y": [1752, 1714, 1678, 1627, 1583, 1561, 1522, 1446, 1363, 692, 651, 639, 613, 561, 480, 355, 294, 248, 212, 147, 117, 103, 101, 107, 121, 123, 218, 276, 373, 484, 550, 595, 631, 653, 681, 716, 780, 1526, 1575, 1643, 1692, 1746, 1776, 1792, 1792, 1792, 1786, 1778, 1756]}, "region_attributes": {}}], "file_attributes": {}}, "gb70.jpg4873527": {"filename": "gb70.jpg", "size": 4873527, "regions": [{"shape_attributes": {"name": "polyline", "all_points_x": [1064, 1064, 1087, 1087, 1107, 1115, 1111, 943, 841, 755, 704, 696, 688, 700, 692, 708, 782, 911, 1040, 1275, 1471, 1639, 1823, 1944, 1991, 1999, 1932, 1846, 1725, 1627, 1576, 1553, 1576, 1584, 1615, 1580, 1232, 1150, 1068], "all_points_y": [332, 446, 544, 724, 935, 1056, 1228, 1306, 1385, 1506, 1647, 1827, 2104, 2531, 2930, 3450, 3567, 3630, 3661, 3716, 3712, 3665, 3614, 3536, 3450, 1600, 1463, 1357, 1279, 1244, 1189, 982, 739, 591, 481, 266, 262, 305, 325]}, "region_attributes": {}}], "file_attributes": {}}, "gb73.jpg60575": {"filename": "gb73.jpg", "size": 60575, "regions": [{"shape_attributes": {"name": "polyline", "all_points_x": [472, 480, 518, 554, 565, 566, 570, 570, 568, 568, 565, 571, 606, 631, 643, 644, 630, 627, 604, 568, 521, 465, 418, 394, 385, 383, 368, 372, 386, 393, 419, 447, 455, 464, 472, 473, 474, 474], "all_points_y": [57, 40, 39, 42, 46, 52, 67, 91, 120, 180, 246, 279, 323, 369, 408, 877, 902, 933, 966, 982, 988, 983, 973, 948, 921, 890, 878, 425, 409, 393, 339, 298, 288, 245, 182, 106, 73, 72]}, "region_attributes": {}}], "file_attributes": {}}, "gb74.jpg586236": {"filename": "gb74.jpg", "size": 586236, "regions": [{"shape_attributes": {"name": "polyline", "all_points_x": [1994, 1920, 668, 559, 489, 452, 382, 347, 243, 121, 44, 4, 1, 3, 347, 388, 501, 577, 683, 794, 922, 1034, 1153, 1281, 1434, 1542, 1660, 1759, 1871, 1951, 1987, 1999, 1997], "all_points_y": [455, 453, 415, 439, 478, 526, 575, 591, 604, 606, 606, 610, 857, 869, 876, 892, 1009, 1044, 1062, 1057, 1049, 1044, 1038, 1034, 1023, 1021, 1021, 1021, 1020, 1020, 1012, 1005, 459]}, "region_attributes": {}}], "file_attributes": {}}, "gb76.png672736": {"filename": "gb76.png", "size": 672736, "regions": [{"shape_attributes": {"name": "polyline", "all_points_x": [86, 85, 85, 85, 85, 86, 86, 85, 93, 100, 106, 111, 111, 112, 113, 112, 117, 134, 139, 142, 143, 144, 144, 155, 170, 175, 171, 175, 173, 169, 169, 166, 139, 112, 93, 87], "all_points_y": [419, 403, 373, 330, 305, 270, 237, 199, 178, 170, 161, 150, 117, 93, 76, 69, 55, 58, 59, 65, 87, 117, 149, 166, 185, 219, 245, 289, 331, 378, 411, 423, 429, 427, 424, 419]}, "region_attributes": {}}, {"shape_attributes": {"name": "polyline", "all_points_x": [290, 293, 287, 285, 289, 289, 282, 270, 264, 264, 264, 264, 269, 267, 250, 230, 234, 233, 229, 218, 203, 209, 206, 209, 210, 207, 207, 219, 241, 273, 287, 290], "all_points_y": [421, 392, 339, 289, 249, 188, 169, 156, 142, 115, 89, 80, 77, 63, 60, 63, 78, 113, 148, 165, 190, 247, 290, 329, 363, 400, 421, 427, 430, 429, 419, 418]}, "region_attributes": {}}], "file_attributes": {}}, "gb77.jpg291176": {"filename": "gb77.jpg", "size": 291176, "regions": [{"shape_attributes": {"name": "polyline", "all_points_x": [387, 389, 420, 413, 421, 419, 389, 341, 336, 325, 319, 316, 316, 312, 315, 308, 313, 315, 311, 296, 223, 199, 181, 176, 156, 139, 64, 47, 43, 63, 112, 157, 212, 255, 296, 351, 385], "all_points_y": [921, 917, 892, 816, 460, 437, 423, 417, 405, 397, 391, 372, 335, 296, 153, 143, 127, 39, 35, 32, 25, 28, 28, 32, 381, 404, 427, 447, 880, 915, 925, 935, 939, 939, 935, 925, 920]}, "region_attributes": {}}], "file_attributes": {}}, "gb78.jpg8121": {"filename": "gb78.jpg", "size": 8121, "regions": [{"shape_attributes": {"name": "polyline", "all_points_x": [172, 179, 177, 177, 175, 174, 160, 146, 144, 144, 144, 141, 128, 112, 110, 104, 104, 107, 107, 100, 87, 80, 73, 71, 71, 75, 73, 78, 92, 118, 146, 170], "all_points_y": [368, 341, 306, 263, 222, 187, 157, 118, 89, 64, 33, 9, 5, 6, 9, 17, 50, 73, 99, 141, 171, 196, 228, 264, 295, 333, 359, 373, 381, 381, 377, 372]}, "region_attributes": {}}], "file_attributes": {}}, "gb79.jpg12450": {"filename": "gb79.jpg", "size": 12450, "regions": [{"shape_attributes": {"name": "polyline", "all_points_x": [248, 258, 257, 254, 254, 252, 252, 249, 242, 224, 221, 210, 210, 210, 211, 211, 193, 176, 163, 160, 160, 157, 153, 137, 121, 120, 119, 121, 121, 121, 123, 123, 149, 178, 226, 241], "all_points_y": [541, 513, 444, 374, 319, 272, 234, 208, 181, 162, 149, 104, 76, 51, 32, 23, 15, 16, 19, 37, 65, 114, 140, 171, 203, 247, 322, 378, 434, 479, 522, 533, 552, 554, 549, 549]}, "region_attributes": {}}], "file_attributes": {}}, "gb80.jpg838216": {"filename": "gb80.jpg", "size": 838216, "regions": [{"shape_attributes": {"name": "polyline", "all_points_x": [792, 792, 798, 799, 801, 805, 807, 807, 807, 809, 786, 758, 742, 735, 735, 734, 737, 726, 727, 727, 727, 727, 727, 715, 685, 673, 657, 649, 647, 645, 647, 640, 640, 631, 637, 637, 611, 590, 570, 562, 562, 562, 569, 570, 571, 571, 572, 576, 576, 579, 604, 645, 684, 720, 754, 777, 791], "all_points_y": [826, 797, 752, 692, 629, 583, 515, 471, 415, 387, 351, 316, 306, 292, 270, 224, 188, 141, 118, 88, 56, 49, 45, 40, 40, 40, 42, 45, 65, 102, 139, 171, 195, 228, 254, 284, 314, 337, 374, 401, 438, 476, 524, 568, 619, 660, 716, 762, 803, 828, 836, 843, 843, 843, 841, 834, 827]}, "region_attributes": {}}, {"shape_attributes": {"name": "polyline", "all_points_x": [833, 868, 904, 959, 997, 1030, 1041, 1051, 1065, 1053, 1035, 1010, 993, 986, 989, 989, 983, 979, 979, 980, 980, 956, 932, 908, 903, 899, 898, 903, 894, 892, 888, 892, 892, 881, 860, 845, 827, 815, 820, 833], "all_points_y": [821, 837, 841, 840, 838, 830, 820, 804, 405, 366, 342, 318, 300, 288, 246, 206, 166, 137, 102, 84, 47, 44, 44, 45, 49, 97, 124, 148, 173, 203, 231, 256, 287, 303, 326, 351, 363, 422, 479, 819]}, "region_attributes": {}}], "file_attributes": {}}, "gb82.jpg87569": {"filename": "gb82.jpg", "size": 87569, "regions": [{"shape_attributes": {"name": "polyline", "all_points_x": [627, 647, 624, 585, 565, 548, 536, 543, 534, 534, 535, 533, 531, 493, 452, 426, 421, 421, 414, 425, 415, 414, 415, 416, 416, 388, 334, 317, 317, 317, 315, 323, 331, 329, 329, 329, 332, 333, 341, 377, 437, 482, 541, 597, 621], "all_points_y": [1152, 565, 523, 489, 466, 432, 373, 308, 250, 222, 186, 131, 103, 99, 99, 102, 103, 135, 187, 222, 263, 305, 347, 378, 436, 471, 512, 555, 619, 687, 777, 842, 910, 971, 1037, 1090, 1126, 1147, 1161, 1173, 1172, 1172, 1172, 1162, 1161]}, "region_attributes": {}}], "file_attributes": {}}, "gb83.jpg10975": {"filename": "gb83.jpg", "size": 10975, "regions": [{"shape_attributes": {"name": "polyline", "all_points_x": [261, 257, 257, 255, 247, 233, 225, 219, 226, 224, 218, 193, 182, 177, 176, 177, 177, 178, 178, 169, 150, 144, 144, 144, 144, 146, 149, 149, 159, 186, 216, 246, 254], "all_points_y": [526, 487, 454, 213, 202, 190, 181, 68, 57, 38, 34, 32, 34, 42, 64, 79, 123, 152, 171, 192, 211, 245, 286, 345, 391, 441, 492, 525, 542, 546, 552, 537, 534]}, "region_attributes": {}}], "file_attributes": {}}, "gb84.jpg162890": {"filename": "gb84.jpg", "size": 162890, "regions": [{"shape_attributes": {"name": "polyline", "all_points_x": [460, 472, 507, 540, 559, 564, 556, 562, 567, 567, 611, 632, 651, 636, 613, 560, 502, 455, 415, 393, 387, 371, 390, 425, 446, 454, 459], "all_points_y": [114, 112, 104, 106, 110, 136, 162, 252, 361, 401, 451, 486, 558, 1272, 1302, 1309, 1315, 1311, 1302, 1292, 1283, 525, 471, 447, 415, 385, 112]}, "region_attributes": {}}], "file_attributes": {}}, "gb85.jpg22351": {"filename": "gb85.jpg", "size": 22351, "regions": [{"shape_attributes": {"name": "polyline", "all_points_x": [175, 189, 225, 275, 301, 314, 312, 311, 309, 301, 284, 275, 278, 277, 250, 226, 203, 203, 204, 197, 179, 168, 172, 172, 171, 172], "all_points_y": [455, 479, 486, 483, 470, 446, 366, 295, 239, 191, 149, 82, 34, 14, 11, 14, 15, 40, 104, 152, 188, 236, 303, 370, 429, 452]}, "region_attributes": {}}], "file_attributes": {}}, "gb86.jpg144400": {"filename": "gb86.jpg", "size": 144400, "regions": [{"shape_attributes": {"name": "polyline", "all_points_x": [492, 488, 488, 488, 484, 429, 402, 393, 396, 397, 422, 459, 509, 571, 626, 652, 663, 660, 650, 621, 595, 577, 566, 557, 554, 559, 560, 561, 554, 535, 502, 489], "all_points_y": [161, 191, 217, 267, 336, 390, 431, 500, 624, 989, 1026, 1037, 1044, 1038, 1026, 1000, 991, 441, 405, 393, 367, 345, 319, 291, 259, 223, 187, 173, 162, 160, 158, 158]}, "region_attributes": {}}, {"shape_attributes": {"name": "polyline", "all_points_x": [861, 860, 842, 819, 805, 803, 798, 804, 798, 769, 755, 755, 753, 752, 721, 698, 705, 709, 722, 744, 775, 809, 845, 859], "all_points_y": [1090, 669, 639, 618, 596, 545, 492, 476, 460, 460, 464, 510, 575, 613, 639, 693, 1053, 1070, 1094, 1114, 1122, 1123, 1103, 1093]}, "region_attributes": {}}, {"shape_attributes": {"name": "polyline", "all_points_x": [197, 198, 186, 182, 181, 208, 229, 232, 242, 244, 269, 287, 290, 288, 288, 307, 327, 337, 348, 342, 312, 249, 215, 201, 197], "all_points_y": [1127, 1018, 910, 792, 695, 654, 631, 587, 501, 472, 464, 467, 505, 568, 610, 635, 650, 667, 1113, 1130, 1141, 1154, 1146, 1127, 1124]}, "region_attributes": {}}], "file_attributes": {}}, "gb87.jpg159649": {"filename": "gb87.jpg", "size": 159649, "regions": [{"shape_attributes": {"name": "polyline", "all_points_x": [412, 443, 470, 501, 512, 507, 518, 551, 623, 634, 623, 582, 546, 474, 412, 357, 319, 326, 351, 390, 410, 426, 423, 421], "all_points_y": [52, 29, 26, 29, 54, 110, 308, 496, 691, 1170, 1219, 1250, 1260, 1264, 1251, 1232, 1202, 698, 588, 505, 409, 275, 145, 54]}, "region_attributes": {}}], "file_attributes": {}}, "gb88.jpg22334": {"filename": "gb88.jpg", "size": 22334, "regions": [{"shape_attributes": {"name": "polyline", "all_points_x": [197, 205, 232, 274, 298, 309, 306, 293, 283, 275, 270, 268, 268, 263, 252, 234, 226, 224, 212, 201, 195, 195, 194, 195], "all_points_y": [449, 461, 471, 472, 458, 410, 292, 264, 232, 171, 130, 66, 44, 29, 27, 27, 35, 184, 212, 259, 316, 389, 425, 450]}, "region_attributes": {}}], "file_attributes": {}}}