{"sc2.jpeg3744": {"filename": "sc2.jpeg", "size": 3744, "regions": [{"shape_attributes": {"name": "polyline", "all_points_x": [124, 120, 123, 131, 142, 158, 169, 179, 180, 187, 180, 175, 144, 124], "all_points_y": [179, 169, 80, 66, 62, 60, 60, 65, 71, 80, 176, 185, 189, 180]}, "region_attributes": {}}, {"shape_attributes": {"name": "polyline", "all_points_x": [59, 121, 121, 108, 39, 31, 28, 33, 43, 56], "all_points_y": [179, 151, 102, 94, 117, 125, 140, 164, 172, 175]}, "region_attributes": {}}], "file_attributes": {}}, "sc3.jpeg5395": {"filename": "sc3.jpeg", "size": 5395, "regions": [{"shape_attributes": {"name": "polyline", "all_points_x": [127, 145, 151, 150, 148, 137, 121, 109, 103, 106, 112, 126], "all_points_y": [113, 105, 88, 54, 32, 24, 24, 26, 39, 94, 109, 113]}, "region_attributes": {}}], "file_attributes": {}}, "sc5.jpeg6038": {"filename": "sc5.jpeg", "size": 6038, "regions": [{"shape_attributes": {"name": "polyline", "all_points_x": [130, 148, 161, 164, 168, 163, 155, 134, 115, 99, 91, 97, 114, 128], "all_points_y": [173, 171, 162, 153, 49, 30, 22, 21, 22, 27, 46, 156, 167, 173]}, "region_attributes": {}}], "file_attributes": {}}, "sc7.jpeg17415": {"filename": "sc7.jpeg", "size": 17415, "regions": [{"shape_attributes": {"name": "polyline", "all_points_x": [3, 2, 12, 40, 45, 45, 33, 3], "all_points_y": [178, 94, 92, 92, 105, 172, 179, 179]}, "region_attributes": {}}, {"shape_attributes": {"name": "polyline", "all_points_x": [46, 52, 80, 89, 92, 85, 54, 47, 48], "all_points_y": [173, 177, 177, 170, 103, 90, 93, 106, 171]}, "region_attributes": {}}, {"shape_attributes": {"name": "polyline", "all_points_x": [91, 104, 132, 139, 139, 133, 98, 92, 90], "all_points_y": [172, 177, 177, 171, 106, 95, 95, 105, 171]}, "region_attributes": {}}, {"shape_attributes": {"name": "polyline", "all_points_x": [140, 149, 175, 186, 186, 180, 148, 135, 140], "all_points_y": [172, 179, 178, 168, 108, 91, 90, 105, 170]}, "region_attributes": {}}, {"shape_attributes": {"name": "polyline", "all_points_x": [192, 212, 233, 231, 227, 194, 189, 189], "all_points_y": [174, 176, 174, 105, 95, 94, 103, 168]}, "region_attributes": {}}, {"shape_attributes": {"name": "polyline", "all_points_x": [238, 251, 274, 275, 271, 243, 235, 235], "all_points_y": [174, 177, 176, 94, 92, 92, 103, 173]}, "region_attributes": {}}, {"shape_attributes": {"name": "polyline", "all_points_x": [7, 39, 44, 48, 40, 2, 2, 7], "all_points_y": [8, 8, 16, 86, 92, 89, 16, 8]}, "region_attributes": {}}, {"shape_attributes": {"name": "polyline", "all_points_x": [51, 85, 89, 93, 89, 56, 48, 46, 52], "all_points_y": [8, 6, 15, 79, 89, 92, 86, 19, 9]}, "region_attributes": {}}, {"shape_attributes": {"name": "polyline", "all_points_x": [99, 132, 136, 139, 140, 133, 96, 91, 94, 100], "all_points_y": [15, 12, 22, 30, 88, 94, 93, 86, 26, 15]}, "region_attributes": {}}, {"shape_attributes": {"name": "polyline", "all_points_x": [145, 181, 184, 185, 175, 145, 141, 139, 146], "all_points_y": [10, 9, 17, 91, 92, 90, 86, 21, 11]}, "region_attributes": {}}, {"shape_attributes": {"name": "polyline", "all_points_x": [193, 226, 236, 236, 228, 193, 185, 186, 195], "all_points_y": [9, 8, 18, 83, 92, 95, 89, 21, 8]}, "region_attributes": {}}, {"shape_attributes": {"name": "polyline", "all_points_x": [241, 271, 274, 275, 273, 242, 235, 237, 241], "all_points_y": [7, 7, 17, 82, 91, 90, 85, 18, 7]}, "region_attributes": {}}], "file_attributes": {}}, "sc8.jpeg12649": {"filename": "sc8.jpeg", "size": 12649, "regions": [{"shape_attributes": {"name": "polyline", "all_points_x": [84, 179, 183, 187, 142, 137, 124, 117, 37, 37, 52, 81], "all_points_y": [181, 89, 79, 71, 24, 26, 30, 33, 123, 141, 164, 182]}, "region_attributes": {}}], "file_attributes": {}}, "sc10.jpeg5838": {"filename": "sc10.jpeg", "size": 5838, "regions": [{"shape_attributes": {"name": "polyline", "all_points_x": [107, 109, 116, 168, 170, 175, 174, 162, 140, 121, 109], "all_points_y": [152, 50, 36, 35, 44, 54, 154, 164, 164, 162, 154]}, "region_attributes": {}}], "file_attributes": {}}, "sc11.jpeg9279": {"filename": "sc11.jpeg", "size": 9279, "regions": [{"shape_attributes": {"name": "polyline", "all_points_x": [20, 92, 87, 83, 13, 7, 9, 18], "all_points_y": [118, 102, 73, 64, 78, 96, 109, 115]}, "region_attributes": {}}], "file_attributes": {}}, "sc12.jpeg7941": {"filename": "sc12.jpeg", "size": 7941, "regions": [{"shape_attributes": {"name": "polyline", "all_points_x": [57, 53, 59, 59, 74, 91, 111, 124, 127, 135, 136, 135, 104, 72, 58], "all_points_y": [157, 35, 26, 18, 11, 11, 11, 19, 27, 41, 87, 153, 166, 162, 157]}, "region_attributes": {}}, {"shape_attributes": {"name": "polyline", "all_points_x": [178, 216, 217, 217, 207, 179, 161, 146, 138, 136, 137, 145, 175], "all_points_y": [172, 159, 96, 41, 17, 10, 12, 15, 32, 41, 147, 164, 171]}, "region_attributes": {}}], "file_attributes": {}}, "sc13.jpeg8405": {"filename": "sc13.jpeg", "size": 8405, "regions": [{"shape_attributes": {"name": "polyline", "all_points_x": [87, 57, 51, 41, 38, 49, 46, 37, 46, 43, 109, 144, 149, 145, 152, 140, 137, 137, 168, 172, 171, 158, 85], "all_points_y": [257, 257, 245, 242, 223, 143, 119, 75, 46, 43, 31, 37, 48, 51, 73, 93, 101, 115, 158, 181, 234, 251, 257]}, "region_attributes": {}}], "file_attributes": {}}, "sc15.jpeg8590": {"filename": "sc15.jpeg", "size": 8590, "regions": [{"shape_attributes": {"name": "polyline", "all_points_x": [211, 208, 216, 268, 274, 274, 257, 213], "all_points_y": [143, 50, 36, 32, 47, 137, 149, 145]}, "region_attributes": {}}], "file_attributes": {}}, "sc17.jpeg9938": {"filename": "sc17.jpeg", "size": 9938, "regions": [{"shape_attributes": {"name": "polyline", "all_points_x": [153, 146, 146, 137, 111, 83, 47, 17, 18, 9, 17, 18, 25, 27, 46, 72, 90, 108, 116, 119, 130, 143, 152], "all_points_y": [92, 75, 67, 56, 45, 45, 45, 59, 72, 88, 102, 114, 124, 132, 132, 131, 134, 135, 129, 115, 103, 97, 92]}, "region_attributes": {}}, {"shape_attributes": {"name": "polyline", "all_points_x": [257, 234, 225, 224, 221, 244, 258, 258], "all_points_y": [46, 53, 64, 77, 89, 99, 106, 45]}, "region_attributes": {}}, {"shape_attributes": {"name": "polyline", "all_points_x": [122, 133, 159, 182, 213, 231, 237, 240, 225, 223, 225, 217, 197, 169, 156, 148, 143, 122, 119, 120, 122], "all_points_y": [28, 13, 9, 9, 15, 21, 38, 46, 59, 67, 89, 91, 91, 91, 91, 70, 57, 47, 44, 34, 30]}, "region_attributes": {}}, {"shape_attributes": {"name": "polyline", "all_points_x": [121, 112, 123, 128, 130, 130, 133, 133, 257, 257, 248, 226, 214, 178, 157, 145, 134, 125, 118, 121], "all_points_y": [131, 146, 146, 157, 162, 174, 183, 193, 193, 109, 100, 92, 91, 91, 91, 93, 106, 109, 124, 132]}, "region_attributes": {}}], "file_attributes": {}}, "sc19.jpeg6915": {"filename": "sc19.jpeg", "size": 6915, "regions": [{"shape_attributes": {"name": "polyline", "all_points_x": [71, 55, 53, 66, 157, 162, 167, 174, 168, 155, 72], "all_points_y": [223, 211, 33, 3, 1, 15, 33, 51, 214, 223, 224]}, "region_attributes": {}}], "file_attributes": {}}, "sc1.jpg29631": {"filename": "sc1.jpg", "size": 29631, "regions": [{"shape_attributes": {"name": "polyline", "all_points_x": [148, 148, 126, 127, 153, 162, 325, 347, 374, 376, 346, 352, 345, 192, 144, 149, 128], "all_points_y": [19, 33, 76, 453, 473, 483, 485, 478, 455, 81, 30, 19, 17, 13, 19, 31, 68]}, "region_attributes": {}}], "file_attributes": {}}, "sc2.jpg9517": {"filename": "sc2.jpg", "size": 9517, "regions": [{"shape_attributes": {"name": "polyline", "all_points_x": [90, 186, 188, 197, 200, 187, 166, 129, 112, 95, 88, 78, 94], "all_points_y": [26, 28, 38, 58, 222, 240, 249, 252, 246, 238, 230, 64, 37]}, "region_attributes": {}}], "file_attributes": {}}, "sc3.jpg38549": {"filename": "sc3.jpg", "size": 38549, "regions": [{"shape_attributes": {"name": "polyline", "all_points_x": [283, 284, 253, 252, 289, 388, 447, 552, 612, 614, 644, 647, 613, 612, 615, 612, 465, 414, 305, 291], "all_points_y": [27, 43, 89, 841, 881, 888, 889, 887, 883, 873, 848, 94, 51, 38, 29, 15, 10, 7, 12, 16]}, "region_attributes": {}}], "file_attributes": {}}, "sc4.jpg233112": {"filename": "sc4.jpg", "size": 233112, "regions": [{"shape_attributes": {"name": "polyline", "all_points_x": [393, 400, 392, 351, 332, 383, 403, 427, 477, 542, 635, 714, 806, 858, 924, 950, 968, 1049, 1038, 1008, 995, 999, 995, 938, 856, 774, 686, 595, 503, 442, 407], "all_points_y": [87, 121, 152, 220, 278, 1123, 1183, 1225, 1266, 1295, 1322, 1320, 1298, 1269, 1222, 1185, 1082, 325, 244, 196, 146, 114, 87, 70, 55, 44, 35, 35, 48, 61, 74]}, "region_attributes": {}}], "file_attributes": {}}, "sc6.jpg5598": {"filename": "sc6.jpg", "size": 5598, "regions": [{"shape_attributes": {"name": "polyline", "all_points_x": [49, 57, 62, 58, 86, 148, 184, 231, 245, 247, 251, 262, 256, 249, 231, 210, 161, 123, 96, 81, 70, 57, 50, 49], "all_points_y": [95, 78, 63, 52, 45, 44, 47, 49, 54, 68, 87, 103, 386, 401, 412, 421, 425, 424, 422, 417, 405, 393, 374, 95]}, "region_attributes": {}}], "file_attributes": {}}, "sc7.jpg42718": {"filename": "sc7.jpg", "size": 42718, "regions": [{"shape_attributes": {"name": "polyline", "all_points_x": [309, 311, 280, 277, 283, 312, 323, 580, 588, 616, 623, 622, 585, 589, 558, 308, 310], "all_points_y": [42, 57, 113, 817, 830, 857, 866, 866, 850, 830, 823, 117, 51, 42, 30, 34, 43]}, "region_attributes": {}}], "file_attributes": {}}, "sc8.jpg31734": {"filename": "sc8.jpg", "size": 31734, "regions": [{"shape_attributes": {"name": "polyline", "all_points_x": [202, 228, 249, 251, 226, 224, 205, 168, 128, 99, 60, 38, 32, 12, 15, 22, 45, 49, 82, 117, 151, 182, 202], "all_points_y": [475, 456, 434, 86, 37, 25, 14, 11, 8, 12, 15, 24, 31, 81, 423, 442, 457, 464, 480, 484, 487, 482, 475]}, "region_attributes": {}}], "file_attributes": {}}, "sc9.jpg27714": {"filename": "sc9.jpg", "size": 27714, "regions": [{"shape_attributes": {"name": "polyline", "all_points_x": [106, 122, 140, 159, 210, 246, 266, 289, 303, 311, 301, 291, 291, 262, 218, 179, 142, 111, 115, 103, 90, 107], "all_points_y": [392, 410, 424, 436, 440, 439, 428, 410, 392, 115, 74, 61, 42, 26, 24, 25, 32, 45, 67, 82, 114, 388]}, "region_attributes": {}}], "file_attributes": {}}, "sc10.jpg18814": {"filename": "sc10.jpg", "size": 18814, "regions": [{"shape_attributes": {"name": "polyline", "all_points_x": [92, 93, 120, 120, 152, 280, 319, 335, 341, 339, 366, 364, 364], "all_points_y": [292, 78, 22, 10, 1, 1, 4, 9, 17, 30, 72, 292, 296]}, "region_attributes": {}}], "file_attributes": {}}, "sc11.jpg38316": {"filename": "sc11.jpg", "size": 38316, "regions": [{"shape_attributes": {"name": "polyline", "all_points_x": [196, 169, 21, 17, 25, 46, 69, 90, 109, 261, 272, 280, 290, 294, 286, 277, 257, 223, 199], "all_points_y": [267, 254, 125, 103, 63, 38, 25, 16, 19, 120, 137, 152, 165, 186, 207, 238, 259, 267, 269]}, "region_attributes": {}}], "file_attributes": {}}, "sc12.jpg25695": {"filename": "sc12.jpg", "size": 25695, "regions": [{"shape_attributes": {"name": "polyline", "all_points_x": [645, 661, 663, 658, 658, 657, 540, 503, 459, 404, 398, 398, 394, 410, 439, 483, 535, 590, 624, 645], "all_points_y": [730, 713, 95, 75, 61, 48, 40, 41, 40, 46, 50, 87, 707, 730, 747, 751, 751, 750, 742, 731]}, "region_attributes": {}}], "file_attributes": {}}, "sc13.jpg53657": {"filename": "sc13.jpg", "size": 53657, "regions": [{"shape_attributes": {"name": "polyline", "all_points_x": [168, 172, 190, 203, 205, 215, 269, 299, 339, 374, 421, 460, 482, 486, 484, 501, 514, 518, 499, 480, 458, 357, 216, 203, 174, 168], "all_points_y": [615, 122, 86, 61, 44, 39, 37, 34, 34, 35, 34, 39, 40, 55, 64, 91, 110, 614, 643, 657, 668, 671, 662, 645, 624, 616]}, "region_attributes": {}}], "file_attributes": {}}, "sc15.jpg204210": {"filename": "sc15.jpg", "size": 204210, "regions": [{"shape_attributes": {"name": "polyline", "all_points_x": [653, 561, 570, 590, 619, 651, 723, 754, 780, 792, 907, 917, 899, 849, 781, 702, 645, 650], "all_points_y": [243, 781, 808, 825, 839, 852, 856, 847, 820, 762, 311, 278, 258, 226, 217, 216, 232, 245]}, "region_attributes": {}}], "file_attributes": {}}, "sc16.jpg46792": {"filename": "sc16.jpg", "size": 46792, "regions": [{"shape_attributes": {"name": "polyline", "all_points_x": [440, 441, 449, 493, 532, 570, 605, 619, 625, 618, 611, 592, 562, 534, 496, 462, 441], "all_points_y": [535, 121, 104, 91, 88, 94, 100, 111, 122, 539, 552, 569, 577, 577, 578, 563, 540]}, "region_attributes": {}}], "file_attributes": {}}, "sc17.jpg4620": {"filename": "sc17.jpg", "size": 4620, "regions": [{"shape_attributes": {"name": "polyline", "all_points_x": [79, 74, 83, 97, 119, 139, 154, 156, 156, 158, 156, 151, 130, 105, 82, 77], "all_points_y": [158, 59, 40, 31, 30, 32, 48, 67, 103, 147, 161, 171, 177, 181, 171, 155]}, "region_attributes": {}}], "file_attributes": {}}, "sc19.jpg12819": {"filename": "sc19.jpg", "size": 12819, "regions": [{"shape_attributes": {"name": "polyline", "all_points_x": [103, 92, 83, 83, 99, 99, 225, 234, 246, 246, 223, 176, 148, 115, 100, 86], "all_points_y": [372, 362, 353, 127, 98, 84, 84, 105, 132, 348, 373, 381, 381, 377, 370, 357]}, "region_attributes": {}}], "file_attributes": {}}, "sc20.jpg3718": {"filename": "sc20.jpg", "size": 3718, "regions": [{"shape_attributes": {"name": "polyline", "all_points_x": [72, 67, 74, 79, 104, 131, 144, 150, 150, 157, 158, 148, 118, 97, 77], "all_points_y": [168, 73, 58, 50, 45, 44, 46, 53, 66, 75, 167, 176, 183, 182, 172]}, "region_attributes": {}}], "file_attributes": {}}, "sc22.jpg60258": {"filename": "sc22.jpg", "size": 60258, "regions": [{"shape_attributes": {"name": "polyline", "all_points_x": [186, 193, 214, 218, 234, 282, 349, 410, 450, 478, 485, 491, 505, 510, 509, 497, 475, 473, 465, 378, 339, 282, 242, 232, 191], "all_points_y": [583, 139, 103, 74, 63, 60, 53, 55, 58, 68, 84, 112, 130, 149, 589, 611, 621, 627, 638, 649, 649, 645, 635, 631, 589]}, "region_attributes": {}}], "file_attributes": {}}, "sc26.jpg61187": {"filename": "sc26.jpg", "size": 61187, "regions": [{"shape_attributes": {"name": "polyline", "all_points_x": [193, 191, 218, 221, 260, 322, 373, 413, 455, 477, 482, 487, 497, 504, 509, 509, 498, 473, 467, 412, 346, 287, 250, 225, 211, 194], "all_points_y": [588, 139, 102, 69, 58, 55, 55, 55, 59, 67, 83, 102, 128, 138, 151, 589, 604, 618, 630, 645, 645, 642, 635, 630, 609, 590]}, "region_attributes": {}}], "file_attributes": {}}, "sc27.jpg9533": {"filename": "sc27.jpg", "size": 9533, "regions": [{"shape_attributes": {"name": "polyline", "all_points_x": [155, 169, 173, 174, 172, 175, 168, 160, 129, 97, 70, 63, 56, 53, 57, 70, 95, 124, 152, 158], "all_points_y": [210, 198, 158, 102, 62, 35, 17, 11, 6, 6, 13, 18, 33, 70, 196, 211, 218, 219, 215, 208]}, "region_attributes": {}}], "file_attributes": {}}, "sc28.jpg97772": {"filename": "sc28.jpg", "size": 97772, "regions": [{"shape_attributes": {"name": "polyline", "all_points_x": [166, 165, 197, 197, 427, 435, 448, 464, 466, 442, 421, 374, 322, 282, 236, 210, 188, 168, 165], "all_points_y": [520, 98, 41, 25, 21, 48, 73, 91, 526, 554, 572, 580, 579, 579, 576, 568, 550, 527, 518]}, "region_attributes": {}}], "file_attributes": {}}, "sc29.jpg8720": {"filename": "sc29.jpg", "size": 8720, "regions": [{"shape_attributes": {"name": "polyline", "all_points_x": [160, 167, 171, 172, 164, 159, 133, 105, 81, 65, 62, 61, 55, 54, 66, 159], "all_points_y": [214, 204, 193, 38, 18, 11, 7, 7, 7, 9, 22, 26, 34, 199, 216, 212]}, "region_attributes": {}}], "file_attributes": {}}, "sc30.jpg41208": {"filename": "sc30.jpg", "size": 41208, "regions": [{"shape_attributes": {"name": "polyline", "all_points_x": [303, 319, 338, 335, 337, 326, 285, 259, 257, 275, 191, 160, 136, 134, 118, 115, 124, 149, 162, 193, 254, 281, 301], "all_points_y": [434, 417, 408, 315, 113, 56, 55, 42, 13, 5, 5, 12, 17, 37, 67, 399, 417, 431, 441, 445, 450, 443, 435]}, "region_attributes": {}}], "file_attributes": {}}, "sc32.jpg31047": {"filename": "sc32.jpg", "size": 31047, "regions": [{"shape_attributes": {"name": "polyline", "all_points_x": [255, 267, 283, 280, 267, 265, 247, 205, 157, 123, 116, 114, 94, 98, 101, 114, 141, 180, 214, 254], "all_points_y": [354, 344, 331, 67, 34, 20, 13, 13, 12, 14, 16, 35, 70, 316, 336, 347, 358, 367, 364, 355]}, "region_attributes": {}}], "file_attributes": {}}, "sc33.jpg33554": {"filename": "sc33.jpg", "size": 33554, "regions": [{"shape_attributes": {"name": "polyline", "all_points_x": [402, 417, 428, 434, 435, 427, 412, 402, 373, 349, 302, 248, 208, 188, 185, 178, 166, 168, 172, 207, 226, 271, 318, 361, 402], "all_points_y": [562, 551, 537, 520, 92, 65, 50, 36, 26, 19, 20, 20, 28, 36, 53, 68, 86, 527, 546, 563, 570, 572, 572, 571, 563]}, "region_attributes": {}}], "file_attributes": {}}, "sc36.jpg50332": {"filename": "sc36.jpg", "size": 50332, "regions": [{"shape_attributes": {"name": "polyline", "all_points_x": [199, 241, 250, 256, 267, 271, 271, 257, 253, 229, 184, 109, 77, 69, 72, 50, 62, 75, 109, 156, 199], "all_points_y": [394, 378, 355, 321, 225, 118, 65, 30, 13, 4, 4, 1, 1, 3, 15, 61, 349, 373, 387, 398, 397]}, "region_attributes": {}}], "file_attributes": {}}, "sc38.jpg357038": {"filename": "sc38.jpg", "size": 357038, "regions": [{"shape_attributes": {"name": "polyline", "all_points_x": [117, 88, 68, 69, 98, 117, 106, 196, 284, 335, 396, 424, 437, 434, 430, 460, 472, 467, 464, 447, 422, 401, 345, 291, 244, 187, 150, 117], "all_points_y": [721, 685, 668, 125, 65, 27, 10, 2, 1, 1, 6, 6, 8, 25, 38, 95, 131, 665, 679, 700, 719, 733, 745, 745, 745, 736, 732, 722]}, "region_attributes": {}}, {"shape_attributes": {"name": "polyline", "all_points_x": [586, 577, 548, 533, 535, 560, 584, 577, 588, 630, 675, 888, 905, 903, 897, 932, 936, 911, 890, 857, 818, 762, 710, 674, 625, 593, 583], "all_points_y": [720, 702, 681, 651, 120, 75, 36, 18, 0, 0, 0, 3, 9, 28, 33, 99, 665, 702, 715, 736, 744, 743, 747, 744, 736, 726, 721]}, "region_attributes": {}}], "file_attributes": {}}, "sc39.jpg203339": {"filename": "sc39.jpg", "size": 203339, "regions": [{"shape_attributes": {"name": "polyline", "all_points_x": [157, 92, 71, 27, 25, 59, 55, 124, 123, 187, 270, 369, 427, 492, 523, 538, 569, 606, 612, 586, 585, 578, 568, 592, 593, 524, 502, 359, 285, 232, 164, 114, 95, 58], "all_points_y": [1088, 1068, 999, 907, 825, 531, 376, 280, 254, 230, 222, 211, 212, 222, 235, 274, 312, 353, 421, 502, 557, 639, 707, 846, 975, 1051, 1077, 1112, 1118, 1112, 1097, 1080, 1053, 975]}, "region_attributes": {}}, {"shape_attributes": {"name": "polyline", "all_points_x": [673, 605, 593, 603, 623, 654, 733, 756, 805, 886, 985, 1109, 1150, 1164, 1177, 1222, 1253, 1269, 1269, 1268, 1258, 1253, 1231, 1215, 1181, 1130, 1074, 954, 852, 776, 702, 673], "all_points_y": [1009, 907, 764, 595, 465, 398, 325, 294, 257, 260, 264, 277, 284, 305, 335, 365, 400, 437, 493, 603, 748, 846, 917, 1003, 1051, 1082, 1095, 1108, 1095, 1071, 1036, 1009]}, "region_attributes": {}}], "file_attributes": {}}, "sc40.jpg18979": {"filename": "sc40.jpg", "size": 18979, "regions": [{"shape_attributes": {"name": "polyline", "all_points_x": [163, 190, 202, 205, 198, 197, 149, 98, 65, 44, 54, 39, 59, 84, 112, 153, 172], "all_points_y": [352, 332, 300, 119, 86, 66, 58, 60, 68, 79, 96, 110, 319, 350, 359, 358, 346]}, "region_attributes": {}}], "file_attributes": {}}, "sc41.jpg24215": {"filename": "sc41.jpg", "size": 24215, "regions": [{"shape_attributes": {"name": "polyline", "all_points_x": [583, 447, 420, 461, 504, 542, 596, 638, 668, 685, 720, 759, 787, 818, 821, 824, 824, 813, 789, 754, 695, 654, 623, 592], "all_points_y": [428, 269, 139, 65, 39, 21, 18, 22, 38, 64, 116, 166, 202, 230, 259, 292, 335, 362, 392, 425, 438, 439, 442, 430]}, "region_attributes": {}}], "file_attributes": {}}, "sc42.jpg15353": {"filename": "sc42.jpg", "size": 15353, "regions": [{"shape_attributes": {"name": "polyline", "all_points_x": [169, 154, 161, 179, 216, 256, 293, 317, 329, 321, 310, 173], "all_points_y": [351, 334, 34, 26, 17, 16, 21, 27, 41, 343, 353, 353]}, "region_attributes": {}}], "file_attributes": {}}, "sc43.jpg64976": {"filename": "sc43.jpg", "size": 64976, "regions": [{"shape_attributes": {"name": "polyline", "all_points_x": [137, 169, 195, 209, 213, 223, 280, 407, 487, 564, 625, 662, 664, 729, 746, 745, 725, 701, 685, 605, 511, 428, 333, 269, 199, 166, 140, 129, 129, 160, 198, 213], "all_points_y": [194, 156, 127, 107, 74, 55, 42, 24, 32, 34, 44, 54, 95, 182, 218, 1175, 1206, 1218, 1241, 1265, 1266, 1273, 1269, 1258, 1252, 1232, 1195, 1182, 213, 166, 123, 88]}, "region_attributes": {}}], "file_attributes": {}}, "sc44.jpg21706": {"filename": "sc44.jpg", "size": 21706, "regions": [{"shape_attributes": {"name": "polyline", "all_points_x": [362, 379, 366, 370, 322, 299, 278, 270, 274, 266, 261, 259, 257, 268, 288, 315, 339, 357], "all_points_y": [256, 98, 76, 60, 56, 56, 60, 64, 77, 92, 102, 222, 241, 255, 266, 272, 272, 257]}, "region_attributes": {}}], "file_attributes": {}}, "sc45.jpg9207": {"filename": "sc45.jpg", "size": 9207, "regions": [{"shape_attributes": {"name": "polyline", "all_points_x": [82, 83, 71, 48, 39, 25, 23, 43, 67, 80], "all_points_y": [155, 31, 28, 27, 29, 148, 160, 164, 164, 157]}, "region_attributes": {}}, {"shape_attributes": {"name": "polyline", "all_points_x": [127, 108, 125, 138, 157, 172, 175, 166, 146, 135, 128], "all_points_y": [156, 45, 31, 31, 36, 150, 161, 164, 166, 166, 155]}, "region_attributes": {}}], "file_attributes": {}}, "sc46.jpg6741": {"filename": "sc46.jpg", "size": 6741, "regions": [{"shape_attributes": {"name": "polyline", "all_points_x": [143, 153, 154, 146, 143, 119, 93, 86, 81, 75, 79, 86, 105, 122, 143, 152], "all_points_y": [164, 150, 41, 28, 22, 18, 24, 25, 37, 47, 156, 166, 169, 170, 167, 154]}, "region_attributes": {}}], "file_attributes": {}}, "sc48.jpg33593": {"filename": "sc48.jpg", "size": 33593, "regions": [{"shape_attributes": {"name": "polyline", "all_points_x": [331, 344, 345, 332, 327, 317, 292, 260, 252, 240, 239, 231, 240, 268, 297, 319, 332], "all_points_y": [240, 219, 71, 55, 49, 44, 44, 43, 43, 61, 67, 239, 248, 257, 257, 256, 241]}, "region_attributes": {}}], "file_attributes": {}}, "sc49.jpeg76537": {"filename": "sc49.jpeg", "size": 76537, "regions": [{"shape_attributes": {"name": "polyline", "all_points_x": [383, 397, 404, 407, 392, 390, 392, 382, 333, 287, 237, 188, 145, 106, 91, 83, 85, 68, 73, 80, 91, 102, 179, 256, 310, 362, 383], "all_points_y": [924, 900, 888, 164, 136, 118, 103, 85, 77, 76, 73, 73, 79, 85, 91, 99, 121, 164, 871, 896, 925, 936, 951, 955, 951, 936, 928]}, "region_attributes": {}}], "file_attributes": {}}, "sc50.jpg118708": {"filename": "sc50.jpg", "size": 118708, "regions": [{"shape_attributes": {"name": "polyline", "all_points_x": [467, 384, 313, 281, 268, 527, 559, 600, 631, 672, 713, 739, 768, 776, 764, 723, 471, 456], "all_points_y": [637, 619, 571, 512, 460, 143, 113, 105, 115, 148, 177, 209, 239, 248, 301, 351, 644, 639]}, "region_attributes": {}}], "file_attributes": {}}, "sc51.jpg110320": {"filename": "sc51.jpg", "size": 110320, "regions": [{"shape_attributes": {"name": "polyline", "all_points_x": [213, 267, 350, 415, 507, 572, 589, 590, 621, 595, 569, 525, 450, 367, 288, 237, 200, 179, 161, 192, 205, 216], "all_points_y": [236, 200, 189, 189, 207, 231, 267, 311, 361, 967, 1002, 1031, 1052, 1063, 1047, 1016, 990, 940, 380, 294, 250, 236]}, "region_attributes": {}}], "file_attributes": {}}, "sc52.jpg337781": {"filename": "sc52.jpg", "size": 337781, "regions": [{"shape_attributes": {"name": "polyline", "all_points_x": [636, 624, 576, 582, 579, 602, 704, 798, 915, 980, 1054, 1091, 1091, 1101, 1106, 1106, 1094, 1023, 941, 813, 709, 628], "all_points_y": [1023, 963, 180, 141, 107, 86, 70, 59, 63, 54, 59, 68, 117, 195, 969, 1000, 1052, 1081, 1088, 1104, 1085, 1021]}, "region_attributes": {}}], "file_attributes": {}}, "sc53.jpg38397": {"filename": "sc53.jpg", "size": 38397, "regions": [{"shape_attributes": {"name": "polyline", "all_points_x": [35, 40, 51, 69, 115, 147, 157, 167, 164, 153, 116, 76, 51, 32], "all_points_y": [261, 68, 45, 39, 35, 40, 59, 80, 260, 279, 288, 287, 280, 260]}, "region_attributes": {}}, {"shape_attributes": {"name": "polyline", "all_points_x": [183, 176, 172, 196, 212, 260, 287, 307, 307, 303, 292, 292, 250, 215, 192, 189], "all_points_y": [66, 77, 264, 280, 288, 287, 284, 268, 83, 69, 51, 44, 38, 38, 41, 61]}, "region_attributes": {}}, {"shape_attributes": {"name": "polyline", "all_points_x": [421, 433, 436, 422, 409, 377, 356, 331, 321, 319, 310, 309, 317, 333, 358, 387, 413, 423], "all_points_y": [265, 254, 59, 30, 24, 22, 22, 23, 27, 34, 56, 250, 259, 269, 272, 272, 270, 264]}, "region_attributes": {}}], "file_attributes": {}}, "sc54.jpg32812": {"filename": "sc54.jpg", "size": 32812, "regions": [{"shape_attributes": {"name": "polyline", "all_points_x": [81, 72, 86, 95, 110, 128, 149, 175, 194, 219, 228, 230, 222, 218, 211, 202, 192, 175, 156, 125, 103, 87, 82, 80], "all_points_y": [168, 184, 344, 363, 378, 384, 387, 386, 378, 362, 344, 325, 189, 174, 162, 148, 138, 129, 124, 126, 136, 150, 168, 171]}, "region_attributes": {}}, {"shape_attributes": {"name": "polyline", "all_points_x": [334, 346, 349, 350, 350, 350, 342, 338, 318, 288, 260, 236, 222, 218, 207, 209, 209, 221, 223, 226, 242, 280, 308, 329, 335], "all_points_y": [262, 247, 223, 162, 105, 84, 63, 51, 28, 21, 23, 33, 48, 60, 82, 143, 157, 179, 207, 256, 272, 279, 274, 265, 261]}, "region_attributes": {}}, {"shape_attributes": {"name": "polyline", "all_points_x": [488, 497, 496, 502, 493, 483, 462, 436, 404, 387, 374, 368, 361, 355, 354, 358, 372, 395, 418, 446, 468, 487], "all_points_y": [298, 278, 240, 134, 106, 82, 70, 65, 67, 76, 89, 103, 114, 129, 270, 292, 309, 320, 325, 323, 317, 299]}, "region_attributes": {}}], "file_attributes": {}}, "sc55.jpg33155": {"filename": "sc55.jpg", "size": 33155, "regions": [{"shape_attributes": {"name": "polyline", "all_points_x": [215, 219, 204, 221, 234, 269, 299, 342, 413, 425, 447, 439, 433, 433, 411, 356, 306, 252, 217, 216], "all_points_y": [50, 63, 88, 407, 439, 454, 464, 466, 438, 417, 104, 73, 57, 44, 27, 22, 21, 27, 37, 48]}, "region_attributes": {}}], "file_attributes": {}}, "sc56.jpg9978": {"filename": "sc56.jpg", "size": 9978, "regions": [{"shape_attributes": {"name": "polyline", "all_points_x": [76, 75, 79, 100, 129, 148, 150, 150, 140, 115, 97, 77], "all_points_y": [20, 150, 158, 160, 160, 155, 151, 18, 14, 11, 12, 16]}, "region_attributes": {}}, {"shape_attributes": {"name": "polyline", "all_points_x": [223, 225, 220, 195, 172, 156, 150, 152, 158, 179, 197, 217, 225], "all_points_y": [20, 150, 156, 159, 156, 154, 150, 18, 16, 12, 12, 14, 19]}, "region_attributes": {}}], "file_attributes": {}}, "sc57.png162512": {"filename": "sc57.png", "size": 162512, "regions": [{"shape_attributes": {"name": "polyline", "all_points_x": [282, 306, 318, 324, 330, 321, 310, 308, 281, 248, 197, 164, 150, 151, 130, 125, 134, 153, 177, 235, 266, 293, 318], "all_points_y": [419, 399, 387, 352, 112, 87, 74, 51, 39, 36, 36, 45, 59, 77, 100, 374, 390, 407, 421, 428, 424, 406, 387]}, "region_attributes": {}}], "file_attributes": {}}, "sc59.jpg130185": {"filename": "sc59.jpg", "size": 130185, "regions": [{"shape_attributes": {"name": "polyline", "all_points_x": [1132, 1184, 1180, 1156, 1116, 920, 888, 864, 864, 868, 880, 956, 1060, 1128], "all_points_y": [692, 648, 216, 144, 100, 108, 136, 240, 392, 632, 676, 712, 728, 704]}, "region_attributes": {}}, {"shape_attributes": {"name": "polyline", "all_points_x": [728, 792, 808, 812, 816, 808, 792, 728, 604, 532, 536, 500, 508, 508, 508, 552, 680, 716], "all_points_y": [704, 684, 636, 428, 224, 168, 132, 108, 112, 128, 172, 248, 388, 536, 664, 692, 704, 708]}, "region_attributes": {}}, {"shape_attributes": {"name": "polyline", "all_points_x": [400, 464, 472, 460, 460, 444, 412, 352, 232, 168, 168, 140, 128, 124, 140, 184, 312, 380], "all_points_y": [696, 668, 576, 380, 232, 164, 124, 104, 104, 116, 156, 204, 524, 588, 640, 692, 700, 700]}, "region_attributes": {}}], "file_attributes": {}}, "sc60.png444855": {"filename": "sc60.png", "size": 444855, "regions": [{"shape_attributes": {"name": "polyline", "all_points_x": [266, 302, 314, 310, 282, 280, 48, 46, 22, 22, 48, 70, 114, 208, 246, 272], "all_points_y": [548, 514, 464, 114, 64, 44, 40, 64, 112, 494, 524, 544, 566, 552, 546, 540]}, "region_attributes": {}}, {"shape_attributes": {"name": "polyline", "all_points_x": [596, 616, 618, 592, 590, 534, 468, 386, 356, 360, 328, 330, 372, 394, 516, 566, 592], "all_points_y": [522, 502, 110, 66, 42, 42, 42, 38, 40, 58, 102, 498, 532, 558, 558, 546, 522]}, "region_attributes": {}}, {"shape_attributes": {"name": "polyline", "all_points_x": [638, 670, 670, 898, 904, 924, 920, 896, 862, 808, 754, 718, 692, 666, 648, 638, 642], "all_points_y": [114, 60, 42, 38, 70, 104, 504, 536, 552, 560, 560, 556, 542, 522, 510, 492, 120]}, "region_attributes": {}}, {"shape_attributes": {"name": "polyline", "all_points_x": [950, 976, 988, 1038, 1092, 1170, 1198, 1232, 1234, 1238, 1216, 1210, 1162, 1042, 988, 984, 962, 946, 950], "all_points_y": [498, 528, 538, 558, 558, 556, 528, 512, 406, 114, 78, 46, 42, 42, 42, 42, 80, 108, 498]}, "region_attributes": {}}], "file_attributes": {}}, "sc61.jpg146402": {"filename": "sc61.jpg", "size": 146402, "regions": [{"shape_attributes": {"name": "polyline", "all_points_x": [152, 174, 192, 268, 318, 350, 358, 356, 340, 318, 254, 178, 158, 138, 148], "all_points_y": [398, 420, 432, 428, 428, 412, 364, 136, 82, 62, 62, 56, 98, 138, 390]}, "region_attributes": {}}], "file_attributes": {}}, "sc62.jpg13029": {"filename": "sc62.jpg", "size": 13029, "regions": [{"shape_attributes": {"name": "polyline", "all_points_x": [174, 178, 190, 198, 252, 294, 314, 321, 325, 323, 275, 212, 172], "all_points_y": [296, 94, 60, 48, 34, 44, 68, 121, 227, 301, 324, 322, 292]}, "region_attributes": {}}], "file_attributes": {}}, "sc64.jpg15228": {"filename": "sc64.jpg", "size": 15228, "regions": [{"shape_attributes": {"name": "polyline", "all_points_x": [77, 119, 145, 157, 164, 152, 155, 123, 75, 39, 15, 3, 5, 20, 48, 72], "all_points_y": [291, 287, 271, 263, 40, 19, 7, 2, 1, 4, 12, 41, 252, 277, 285, 292]}, "region_attributes": {}}], "file_attributes": {}}, "sc68.jpg40570": {"filename": "sc68.jpg", "size": 40570, "regions": [{"shape_attributes": {"name": "polyline", "all_points_x": [49, 50, 32, 32, 217, 216, 199, 199, 178, 142, 94, 64, 48], "all_points_y": [100, 113, 140, 408, 409, 144, 111, 102, 93, 93, 91, 91, 99]}, "region_attributes": {}}, {"shape_attributes": {"name": "polyline", "all_points_x": [237, 219, 219, 404, 406, 400, 389, 388, 368, 338, 304, 283, 255, 241], "all_points_y": [96, 138, 406, 408, 145, 121, 109, 96, 90, 90, 88, 88, 89, 95]}, "region_attributes": {}}, {"shape_attributes": {"name": "polyline", "all_points_x": [594, 592, 573, 573, 549, 509, 478, 447, 429, 423, 421, 410, 405, 593], "all_points_y": [408, 128, 98, 92, 88, 88, 88, 88, 89, 95, 115, 142, 404, 407]}, "region_attributes": {}}], "file_attributes": {}}, "sc69.jpg27112": {"filename": "sc69.jpg", "size": 27112, "regions": [{"shape_attributes": {"name": "polyline", "all_points_x": [96, 84, 119, 135, 162, 196, 230, 262, 279, 262, 247, 239, 219, 167, 135, 109, 100, 87], "all_points_y": [54, 81, 312, 328, 343, 347, 341, 321, 306, 66, 53, 26, 18, 14, 23, 35, 49, 75]}, "region_attributes": {}}], "file_attributes": {}}, "sc70.jpg27967": {"filename": "sc70.jpg", "size": 27967, "regions": [{"shape_attributes": {"name": "polyline", "all_points_x": [83, 76, 62, 60, 59, 82, 82, 251, 251, 265, 270, 271, 267, 251, 242, 134, 104, 82], "all_points_y": [387, 377, 368, 335, 61, 24, 10, 8, 29, 47, 78, 355, 373, 381, 391, 396, 394, 388]}, "region_attributes": {}}], "file_attributes": {}}, "sc71.jpg144339": {"filename": "sc71.jpg", "size": 144339, "regions": [{"shape_attributes": {"name": "polyline", "all_points_x": [403, 419, 437, 448, 455, 436, 419, 424, 379, 321, 268, 227, 171, 155, 159, 132, 128, 131, 173, 235, 300, 347, 391, 401], "all_points_y": [701, 685, 676, 655, 180, 137, 121, 107, 103, 101, 99, 99, 97, 97, 123, 175, 647, 675, 701, 713, 717, 717, 705, 700]}, "region_attributes": {}}], "file_attributes": {}}, "sc72.jpg36702": {"filename": "sc72.jpg", "size": 36702, "regions": [{"shape_attributes": {"name": "polyline", "all_points_x": [151, 132, 121, 121, 129, 132, 169, 248, 299, 365, 365, 375, 383, 381, 360, 331, 279, 227, 192, 156], "all_points_y": [467, 459, 437, 63, 43, 17, 12, 12, 12, 13, 29, 61, 63, 443, 467, 481, 485, 485, 484, 467]}, "region_attributes": {}}], "file_attributes": {}}, "sc73.jpg120207": {"filename": "sc73.jpg", "size": 120207, "regions": [{"shape_attributes": {"name": "polyline", "all_points_x": [167, 159, 140, 133, 131, 141, 153, 201, 269, 336, 371, 404, 408, 412, 421, 415, 403, 371, 340, 280, 225, 177, 169], "all_points_y": [523, 511, 497, 484, 65, 49, 20, 15, 17, 16, 16, 19, 33, 65, 79, 491, 513, 528, 536, 533, 533, 532, 525]}, "region_attributes": {}}], "file_attributes": {}}, "sc75.jpg32751": {"filename": "sc75.jpg", "size": 32751, "regions": [{"shape_attributes": {"name": "polyline", "all_points_x": [20, 17, 25, 31, 47, 80, 91, 105, 115, 115, 115, 112, 112, 87, 53, 28, 23], "all_points_y": [229, 107, 89, 85, 77, 76, 77, 83, 102, 133, 179, 219, 239, 245, 249, 240, 229]}, "region_attributes": {}}, {"shape_attributes": {"name": "polyline", "all_points_x": [168, 201, 234, 246, 280, 299, 294, 241, 237, 223, 185, 152, 148, 164, 173], "all_points_y": [173, 107, 80, 84, 103, 121, 149, 237, 243, 257, 252, 231, 209, 181, 153]}, "region_attributes": {}}], "file_attributes": {}}, "sc76.jpg14737": {"filename": "sc76.jpg", "size": 14737, "regions": [{"shape_attributes": {"name": "polyline", "all_points_x": [81, 71, 69, 74, 80, 80, 83, 106, 126, 147, 172, 189, 200, 199, 210, 211, 205, 195, 82, 78, 70], "all_points_y": [271, 259, 38, 32, 22, 11, 6, 4, 3, 1, 2, 2, 5, 13, 33, 255, 265, 276, 275, 269, 259]}, "region_attributes": {}}], "file_attributes": {}}, "sc77.png31791": {"filename": "sc77.png", "size": 31791, "regions": [{"shape_attributes": {"name": "polyline", "all_points_x": [209, 205, 206, 217, 241, 261, 274, 280, 281, 283, 283, 277, 253, 229, 213], "all_points_y": [259, 252, 68, 63, 63, 63, 64, 66, 76, 113, 253, 265, 265, 263, 262]}, "region_attributes": {}}], "file_attributes": {}}, "sc78.png137317": {"filename": "sc78.png", "size": 137317, "regions": [{"shape_attributes": {"name": "polyline", "all_points_x": [65, 69, 82, 105, 136, 180, 222, 269, 315, 367, 411, 444, 462, 481, 515, 539, 547, 553, 551, 507, 261, 227, 204, 185, 149, 128, 102, 77, 54, 49, 44, 57, 61], "all_points_y": [219, 246, 265, 287, 305, 325, 338, 361, 377, 393, 404, 410, 412, 413, 403, 399, 363, 330, 302, 267, 47, 39, 27, 26, 35, 52, 82, 109, 137, 161, 178, 201, 213]}, "region_attributes": {}}], "file_attributes": {}}, "sc79.jpg42707": {"filename": "sc79.jpg", "size": 42707, "regions": [{"shape_attributes": {"name": "polyline", "all_points_x": [236, 225, 215, 215, 224, 231, 241, 274, 301, 342, 360, 369, 379, 389, 389, 380, 363, 322, 282, 251, 237], "all_points_y": [405, 394, 387, 130, 109, 87, 83, 81, 80, 75, 78, 82, 104, 125, 379, 395, 414, 416, 413, 413, 405]}, "region_attributes": {}}], "file_attributes": {}}, "sc80.jpg100050": {"filename": "sc80.jpg", "size": 100050, "regions": [{"shape_attributes": {"name": "polyline", "all_points_x": [303, 341, 364, 360, 337, 327, 309, 231, 165, 100, 48, 35, 23, 3, 3, 23, 29, 61, 93, 135, 177, 236, 297], "all_points_y": [675, 647, 617, 129, 87, 56, 23, 4, 1, 12, 32, 63, 91, 132, 205, 607, 631, 653, 668, 683, 691, 693, 675]}, "region_attributes": {}}], "file_attributes": {}}, "sc81.jpg201765": {"filename": "sc81.jpg", "size": 201765, "regions": [{"shape_attributes": {"name": "polyline", "all_points_x": [659, 635, 596, 148, 104, 81, 96, 125, 149, 169, 619, 652, 685, 705, 720, 723, 723, 719, 697, 664], "all_points_y": [436, 439, 475, 431, 401, 283, 208, 155, 125, 124, 127, 149, 161, 185, 248, 291, 329, 377, 408, 435]}, "region_attributes": {}}], "file_attributes": {}}, "sc82.jpg23014": {"filename": "sc82.jpg", "size": 23014, "regions": [{"shape_attributes": {"name": "polyline", "all_points_x": [35, 32, 63, 115, 177, 204, 225, 232, 232, 212, 171, 145, 100, 68, 56, 32, 33], "all_points_y": [212, 191, 172, 153, 129, 121, 132, 148, 171, 188, 204, 215, 240, 253, 257, 213, 192]}, "region_attributes": {}}], "file_attributes": {}}, "sc83.jpg7441": {"filename": "sc83.jpg", "size": 7441, "regions": [{"shape_attributes": {"name": "polyline", "all_points_x": [120, 136, 163, 177, 187, 189, 184, 157, 137, 132, 125, 120, 120], "all_points_y": [39, 31, 21, 19, 33, 44, 52, 60, 65, 67, 61, 49, 41]}, "region_attributes": {}}], "file_attributes": {}}, "sc84.jpg16583": {"filename": "sc84.jpg", "size": 16583, "regions": [{"shape_attributes": {"name": "polyline", "all_points_x": [78, 120, 158, 166, 156, 136, 126, 122, 102, 74, 54, 40, 28, 46, 66, 74], "all_points_y": [220, 206, 184, 162, 142, 130, 128, 148, 166, 166, 164, 170, 192, 212, 222, 222]}, "region_attributes": {}}], "file_attributes": {}}, "sc85.jpg23932": {"filename": "sc85.jpg", "size": 23932, "regions": [{"shape_attributes": {"name": "polyline", "all_points_x": [268, 288, 288, 282, 262, 216, 202, 188, 192, 222, 264], "all_points_y": [134, 126, 116, 98, 94, 90, 90, 110, 128, 136, 138]}, "region_attributes": {}}], "file_attributes": {}}, "sc86.jpg7111": {"filename": "sc86.jpg", "size": 7111, "regions": [{"shape_attributes": {"name": "polyline", "all_points_x": [204, 238, 252, 242, 250, 242, 228, 220, 186, 138, 94, 66, 60, 52, 30, 18, 10, 34, 48, 74, 122, 166, 196, 214], "all_points_y": [148, 146, 132, 114, 88, 68, 44, 28, 20, 20, 24, 32, 48, 68, 74, 98, 124, 134, 146, 158, 160, 160, 160, 152]}, "region_attributes": {}}], "file_attributes": {}}, "sc87.jpg79009": {"filename": "sc87.jpg", "size": 79009, "regions": [{"shape_attributes": {"name": "polyline", "all_points_x": [514, 542, 530, 524, 508, 470, 478, 500, 498, 458, 450, 444, 246, 238, 232, 226, 230, 254, 292, 302, 288, 304, 348, 412, 476, 520], "all_points_y": [426, 372, 324, 306, 312, 284, 228, 176, 146, 114, 100, 88, 146, 172, 214, 258, 280, 308, 326, 336, 392, 412, 440, 448, 444, 420]}, "region_attributes": {}}], "file_attributes": {}}, "sc89.jpg17367": {"filename": "sc89.jpg", "size": 17367, "regions": [{"shape_attributes": {"name": "polyline", "all_points_x": [334, 314, 304, 312, 330, 330, 332, 324, 314, 314, 284, 228, 182, 146, 138, 124, 136, 148, 124, 122, 116, 122, 122, 158, 202, 262, 300, 334], "all_points_y": [368, 342, 320, 300, 270, 226, 162, 128, 108, 86, 68, 58, 54, 58, 96, 134, 150, 168, 210, 256, 280, 350, 378, 404, 408, 406, 400, 382]}, "region_attributes": {}}], "file_attributes": {}}, "sc90.jpg68364": {"filename": "sc90.jpg", "size": 68364, "regions": [{"shape_attributes": {"name": "polyline", "all_points_x": [148, 108, 78, 50, 40, 52, 68, 112, 166, 208, 256, 286, 332, 392, 420, 452, 508, 554, 574, 612, 628, 636, 628, 604, 576, 542, 498, 488, 456, 388, 308, 266, 246, 182, 146], "all_points_y": [416, 402, 388, 328, 240, 172, 138, 130, 104, 102, 102, 114, 128, 144, 156, 126, 110, 102, 118, 140, 170, 330, 364, 400, 410, 414, 410, 374, 384, 394, 404, 408, 430, 430, 420]}, "region_attributes": {}}], "file_attributes": {}}, "sc91.jpg48627": {"filename": "sc91.jpg", "size": 48627, "regions": [{"shape_attributes": {"name": "polyline", "all_points_x": [348, 356, 376, 374, 358, 350, 344, 200, 158, 148, 134, 114, 108, 114, 138, 142, 166, 214, 282, 328, 342], "all_points_y": [480, 466, 456, 58, 38, 14, 4, 2, 2, 4, 14, 56, 432, 456, 470, 480, 486, 488, 488, 484, 482]}, "region_attributes": {}}], "file_attributes": {}}, "sc92.jpg17778": {"filename": "sc92.jpg", "size": 17778, "regions": [{"shape_attributes": {"name": "polyline", "all_points_x": [218, 214, 208, 208, 232, 240, 248, 238, 234, 212, 166, 118, 72, 56, 38, 20, 24, 28, 40, 54, 66, 96, 134, 168, 198, 216], "all_points_y": [316, 270, 236, 212, 176, 156, 116, 96, 66, 50, 42, 34, 40, 64, 98, 176, 226, 270, 312, 336, 350, 364, 364, 362, 346, 330]}, "region_attributes": {}}], "file_attributes": {}}, "sc93.jpg123583": {"filename": "sc93.jpg", "size": 123583, "regions": [{"shape_attributes": {"name": "polyline", "all_points_x": [50, 48, 62, 70, 224, 234, 240, 228, 210, 110, 80, 50, 54], "all_points_y": [374, 114, 78, 64, 68, 102, 376, 386, 408, 414, 412, 384, 372]}, "region_attributes": {}}, {"shape_attributes": {"name": "polyline", "all_points_x": [584, 554, 556, 584, 584, 568, 568, 538, 500, 458, 440, 416, 410, 398, 396, 398, 408, 436, 488, 518, 556, 588, 586], "all_points_y": [360, 246, 216, 152, 110, 84, 76, 68, 68, 68, 66, 66, 88, 114, 366, 376, 390, 402, 402, 404, 400, 372, 358]}, "region_attributes": {}}, {"shape_attributes": {"name": "polyline", "all_points_x": [752, 754, 758, 774, 776, 802, 850, 898, 934, 946, 950, 952, 944, 942, 930, 950, 944, 948, 914, 846, 786, 754], "all_points_y": [382, 246, 220, 202, 188, 180, 180, 180, 192, 212, 230, 268, 286, 314, 324, 350, 378, 402, 412, 418, 412, 388]}, "region_attributes": {}}], "file_attributes": {}}, "sc94.jpg84127": {"filename": "sc94.jpg", "size": 84127, "regions": [{"shape_attributes": {"name": "polyline", "all_points_x": [198, 182, 174, 200, 198, 230, 270, 294, 334, 356, 384, 400, 400, 426, 414, 394, 366, 320, 262, 226, 198, 186], "all_points_y": [486, 468, 152, 106, 84, 70, 62, 60, 62, 62, 72, 82, 106, 150, 476, 508, 524, 536, 532, 514, 502, 480]}, "region_attributes": {}}], "file_attributes": {}}, "sc96.jpg139422": {"filename": "sc96.jpg", "size": 139422, "regions": [{"shape_attributes": {"name": "polyline", "all_points_x": [48, 46, 60, 42, 20, 16, 26, 74, 118, 134, 158, 168, 170, 118, 92, 92, 94, 66, 52], "all_points_y": [260, 236, 184, 162, 126, 98, 60, 50, 52, 66, 104, 164, 200, 218, 248, 282, 296, 290, 268]}, "region_attributes": {}}, {"shape_attributes": {"name": "polyline", "all_points_x": [100, 114, 124, 144, 170, 224, 268, 296, 324, 342, 348, 336, 320, 296, 270, 234, 186, 158, 134, 112, 92, 100], "all_points_y": [298, 310, 322, 336, 340, 312, 290, 308, 304, 278, 254, 208, 194, 180, 180, 186, 198, 208, 212, 230, 266, 292]}, "region_attributes": {}}, {"shape_attributes": {"name": "polyline", "all_points_x": [454, 454, 446, 436, 450, 472, 492, 496, 508, 492, 458, 436, 414, 398, 378, 364, 354, 350, 350, 354, 378, 416, 442, 456], "all_points_y": [266, 246, 212, 188, 166, 162, 154, 126, 102, 84, 62, 58, 58, 76, 124, 166, 200, 220, 236, 272, 280, 280, 280, 258]}, "region_attributes": {}}, {"shape_attributes": {"name": "polyline", "all_points_x": [590, 614, 608, 602, 602, 608, 624, 630, 614, 598, 570, 532, 518, 506, 498, 498, 492, 474, 476, 492, 524, 566, 582], "all_points_y": [312, 296, 276, 232, 204, 180, 142, 118, 94, 82, 78, 74, 92, 120, 152, 196, 234, 274, 296, 306, 320, 320, 318]}, "region_attributes": {}}], "file_attributes": {}}, "sc97.jpg148207": {"filename": "sc97.jpg", "size": 148207, "regions": [{"shape_attributes": {"name": "polyline", "all_points_x": [94, 98, 118, 118, 118, 314, 320, 350, 344, 328, 312, 276, 148, 122, 96], "all_points_y": [402, 62, 24, 20, 2, 0, 22, 72, 402, 420, 430, 444, 444, 434, 400]}, "region_attributes": {}}], "file_attributes": {}}, "sc99.jpg17893": {"filename": "sc99.jpg", "size": 17893, "regions": [{"shape_attributes": {"name": "polyline", "all_points_x": [4, 47, 60, 63, 87, 115, 138, 150, 145, 147, 108, 100, 89, 16, 7, 1], "all_points_y": [175, 32, 17, 8, 10, 17, 24, 29, 39, 54, 205, 213, 216, 199, 190, 174]}, "region_attributes": {}}], "file_attributes": {}}, "1.jpg103385": {"filename": "1.jpg", "size": 103385, "regions": [{"shape_attributes": {"name": "polyline", "all_points_x": [702, 762, 787, 851, 856, 832, 829, 791, 710, 600, 509, 421, 380, 367, 380, 338, 337, 417, 452, 512, 583, 649, 699], "all_points_y": [1059, 1000, 937, 463, 405, 354, 301, 240, 207, 198, 201, 241, 276, 333, 345, 400, 491, 974, 1020, 1065, 1080, 1079, 1061]}, "region_attributes": {}}], "file_attributes": {}}, "2.jpg24106": {"filename": "2.jpg", "size": 24106, "regions": [{"shape_attributes": {"name": "polyline", "all_points_x": [245, 253, 262, 263, 250, 245, 204, 133, 110, 96, 95, 89, 86, 91, 103, 145, 195, 248], "all_points_y": [339, 322, 314, 50, 25, 10, 8, 8, 8, 14, 33, 49, 309, 328, 332, 344, 345, 340]}, "region_attributes": {}}], "file_attributes": {}}, "3.jpg40091": {"filename": "3.jpg", "size": 40091, "regions": [{"shape_attributes": {"name": "polyline", "all_points_x": [53, 38, 42, 43, 67, 115, 130, 137, 149, 168, 156, 144, 112, 83, 55], "all_points_y": [269, 113, 101, 88, 75, 78, 78, 88, 99, 251, 269, 281, 289, 295, 276]}, "region_attributes": {}}, {"shape_attributes": {"name": "polyline", "all_points_x": [293, 312, 314, 309, 302, 292, 292, 266, 226, 196, 183, 190, 180, 174, 188, 205, 215, 263, 293], "all_points_y": [334, 318, 285, 136, 123, 111, 99, 94, 99, 101, 107, 115, 130, 137, 313, 336, 347, 352, 333]}, "region_attributes": {}}, {"shape_attributes": {"name": "polyline", "all_points_x": [356, 352, 367, 366, 379, 399, 417, 450, 466, 474, 477, 493, 483, 467, 453, 423, 393, 375, 360, 358, 356], "all_points_y": [308, 117, 91, 83, 75, 74, 74, 75, 79, 81, 96, 117, 315, 332, 342, 350, 346, 341, 325, 311, 304]}, "region_attributes": {}}, {"shape_attributes": {"name": "polyline", "all_points_x": [600, 606, 615, 625, 640, 630, 628, 613, 574, 550, 527, 518, 527, 509, 502, 514, 534, 557, 585, 598], "all_points_y": [305, 297, 293, 270, 103, 77, 68, 63, 63, 63, 68, 70, 80, 101, 270, 287, 302, 310, 311, 306]}, "region_attributes": {}}], "file_attributes": {}}, "4.jpg14650": {"filename": "4.jpg", "size": 14650, "regions": [{"shape_attributes": {"name": "polyline", "all_points_x": [24, 19, 17, 18, 26, 40, 57, 73, 78, 78, 73, 69, 23], "all_points_y": [29, 39, 45, 124, 132, 135, 135, 132, 120, 41, 34, 28, 27]}, "region_attributes": {}}, {"shape_attributes": {"name": "polyline", "all_points_x": [137, 138, 130, 84, 76, 79, 90, 130, 137], "all_points_y": [123, 45, 28, 28, 44, 124, 136, 134, 124]}, "region_attributes": {}}, {"shape_attributes": {"name": "polyline", "all_points_x": [190, 188, 198, 199, 191, 146, 137, 138, 146, 188], "all_points_y": [132, 131, 120, 45, 30, 27, 42, 122, 132, 132]}, "region_attributes": {}}, {"shape_attributes": {"name": "polyline", "all_points_x": [249, 258, 257, 250, 205, 199, 200, 198, 202, 206, 247, 249], "all_points_y": [131, 124, 40, 30, 30, 39, 121, 125, 127, 136, 135, 131]}, "region_attributes": {}}], "file_attributes": {}}, "9.jpg54019": {"filename": "9.jpg", "size": 54019, "regions": [{"shape_attributes": {"name": "polyline", "all_points_x": [554, 598, 618, 608, 560, 618, 666, 664, 634, 602, 506, 414, 312, 254, 178, 162, 190, 182, 154, 142, 164, 220, 276, 358, 458, 546], "all_points_y": [700, 658, 610, 512, 446, 406, 384, 248, 180, 108, 80, 56, 66, 92, 240, 284, 330, 436, 534, 604, 646, 694, 730, 744, 750, 708]}, "region_attributes": {}}], "file_attributes": {}}, "10.jpg62326": {"filename": "10.jpg", "size": 62326, "regions": [{"shape_attributes": {"name": "polyline", "all_points_x": [530, 550, 578, 584, 614, 636, 606, 568, 544, 528, 372, 290, 260, 234, 232, 230, 220, 238, 246, 278, 304, 358, 452, 524], "all_points_y": [712, 684, 638, 566, 506, 394, 276, 154, 98, 56, 54, 74, 138, 220, 300, 414, 512, 604, 644, 688, 704, 728, 742, 722]}, "region_attributes": {}}], "file_attributes": {}}, "11.jpg23996": {"filename": "11.jpg", "size": 23996, "regions": [{"shape_attributes": {"name": "polyline", "all_points_x": [482, 502, 510, 530, 564, 538, 518, 494, 468, 386, 282, 232, 196, 196, 200, 208, 236, 264, 328, 398, 478, 478], "all_points_y": [624, 578, 522, 468, 368, 304, 184, 112, 58, 44, 64, 116, 244, 344, 436, 516, 592, 624, 650, 650, 636, 628]}, "region_attributes": {}}], "file_attributes": {}}, "12.jpg82256": {"filename": "12.jpg", "size": 82256, "regions": [{"shape_attributes": {"name": "polyline", "all_points_x": [210, 204, 214, 236, 206, 206, 244, 262, 268, 330, 424, 500, 566, 650, 764, 896, 906, 918, 900, 888, 874, 832, 718, 548, 332, 266, 210], "all_points_y": [706, 652, 582, 528, 484, 362, 326, 264, 192, 146, 86, 66, 64, 56, 86, 232, 320, 406, 482, 610, 694, 764, 816, 812, 802, 748, 702]}, "region_attributes": {}}], "file_attributes": {}}, "13.jpg430885": {"filename": "13.jpg", "size": 430885, "regions": [{"shape_attributes": {"name": "polyline", "all_points_x": [850, 906, 861, 751, 672, 587, 534, 525, 280, 240, 203, 152, 155, 158, 198, 251, 240, 313, 387, 508, 633, 757, 833], "all_points_y": [1067, 991, 390, 223, 195, 243, 243, 203, 206, 243, 260, 398, 559, 729, 825, 909, 960, 1045, 1110, 1155, 1155, 1127, 1090]}, "region_attributes": {}}], "file_attributes": {}}, "18.jpg15516": {"filename": "18.jpg", "size": 15516, "regions": [{"shape_attributes": {"name": "polyline", "all_points_x": [45, 46, 42, 2, 2, 12, 25, 43, 43], "all_points_y": [163, 39, 26, 20, 173, 176, 173, 165, 166]}, "region_attributes": {}}, {"shape_attributes": {"name": "polyline", "all_points_x": [47, 63, 83, 99, 102, 108, 102, 99, 81, 73, 61, 54, 51, 48, 44], "all_points_y": [168, 173, 173, 167, 166, 41, 31, 29, 25, 24, 24, 24, 31, 35, 165]}, "region_attributes": {}}, {"shape_attributes": {"name": "polyline", "all_points_x": [105, 116, 133, 146, 160, 167, 171, 165, 161, 147, 125, 113, 109, 104], "all_points_y": [165, 171, 172, 172, 170, 160, 51, 37, 30, 26, 26, 26, 38, 163]}, "region_attributes": {}}, {"shape_attributes": {"name": "polyline", "all_points_x": [172, 179, 193, 209, 221, 222, 226, 230, 224, 221, 203, 187, 180, 175, 168, 168], "all_points_y": [169, 173, 174, 174, 169, 169, 166, 42, 36, 29, 26, 26, 26, 27, 39, 165]}, "region_attributes": {}}, {"shape_attributes": {"name": "polyline", "all_points_x": [230, 238, 256, 272, 275, 265, 247, 235, 230, 230, 228], "all_points_y": [168, 172, 176, 176, 27, 26, 27, 27, 33, 46, 168]}, "region_attributes": {}}], "file_attributes": {}}, "25.jpg112024": {"filename": "25.jpg", "size": 112024, "regions": [{"shape_attributes": {"name": "polyline", "all_points_x": [934, 977, 970, 955, 836, 774, 748, 757, 720, 696, 710, 755, 797, 866, 935, 935], "all_points_y": [714, 364, 294, 279, 262, 272, 282, 293, 344, 661, 699, 721, 743, 755, 722, 717]}, "region_attributes": {}}, {"shape_attributes": {"name": "polyline", "all_points_x": [501, 501, 515, 576, 630, 673, 692, 722, 730, 707, 694, 638, 580, 531, 519, 501], "all_points_y": [324, 641, 657, 684, 692, 678, 656, 328, 314, 270, 256, 251, 251, 256, 266, 320]}, "region_attributes": {}}, {"shape_attributes": {"name": "polyline", "all_points_x": [497, 500, 472, 430, 379, 327, 290, 274, 286, 313, 364, 405, 455, 492], "all_points_y": [633, 297, 257, 247, 245, 249, 259, 306, 631, 659, 672, 671, 659, 636]}, "region_attributes": {}}, {"shape_attributes": {"name": "polyline", "all_points_x": [61, 11, 26, 43, 87, 130, 191, 225, 234, 274, 287, 248, 184, 115, 57], "all_points_y": [694, 341, 295, 262, 253, 253, 252, 259, 266, 324, 671, 706, 728, 728, 692]}, "region_attributes": {}}], "file_attributes": {}}}